[1,["87BrXcO4RFkpM+6NKCPQC1@6c48a"],["_textureSource"],["cc.SpriteFrame"],0,[{"name":"color_gradient","rect":{"x":0,"y":0,"width":477,"height":32},"offset":{"x":0,"y":0.5},"originalSize":{"width":477,"height":33},"rotated":false,"capInsets":[200,16,200,16],"vertices":{"rawPosition":[-238.5,-16,0,238.5,-16,0,-238.5,16,0,238.5,16,0],"indexes":[0,1,2,2,1,3],"uv":[0,33,477,33,0,1,477,1],"nuv":[0,0.030303030303030304,1,0.030303030303030304,0,1,1,1],"minPos":{"x":-238.5,"y":-16,"z":0},"maxPos":{"x":238.5,"y":16,"z":0}},"packable":true,"pixelsToUnit":100,"pivot":{"x":0.5,"y":0.5},"meshType":0}],[0],0,[0],[0],[0]]
