[1,["87q2vX/mZPTKcJIfI1s2rA@6c48a"],["_textureSource"],["cc.SpriteFrame"],0,[{"name":"Line","rect":{"x":1,"y":0,"width":281,"height":1},"offset":{"x":-0.5,"y":0},"originalSize":{"width":284,"height":1},"rotated":false,"capInsets":[0,0,0,0],"vertices":{"rawPosition":[-140.5,-0.5,0,140.5,-0.5,0,-140.5,0.5,0,140.5,0.5,0],"indexes":[0,1,2,2,1,3],"uv":[1,1,282,1,1,0,282,0],"nuv":[0.0035211267605633804,0,0.9929577464788732,0,0.0035211267605633804,1,0.9929577464788732,1],"minPos":{"x":-140.5,"y":-0.5,"z":0},"maxPos":{"x":140.5,"y":0.5,"z":0}},"packable":true,"pixelsToUnit":100,"pivot":{"x":0.5,"y":0.5},"meshType":0}],[0],0,[0],[0],[0]]
