[1,["88HZOuGfJAU6J+wiBmE5ew@6c48a"],["_textureSource"],["cc.SpriteFrame"],0,[{"name":"P_Pencil","rect":{"x":6,"y":4,"width":38,"height":38},"offset":{"x":1,"y":1},"originalSize":{"width":48,"height":48},"rotated":false,"capInsets":[0,0,0,0],"vertices":{"rawPosition":[-19,-19,0,19,-19,0,-19,19,0,19,19,0],"indexes":[0,1,2,2,1,3],"uv":[6,44,44,44,6,6,44,6],"nuv":[0.125,0.125,0.9166666666666666,0.125,0.125,0.9166666666666666,0.9166666666666666,0.9166666666666666],"minPos":{"x":-19,"y":-19,"z":0},"maxPos":{"x":19,"y":19,"z":0}},"packable":true,"pixelsToUnit":100,"pivot":{"x":0.5,"y":0.5},"meshType":0}],[0],0,[0],[0],[0]]
