[1,["b9Ba++1xpJ86z5eYLsCzmr@6c48a"],["_textureSource"],["cc.SpriteFrame"],0,[{"name":"DrMonkey_SingleCardBG","rect":{"x":0,"y":0,"width":938,"height":622},"offset":{"x":0,"y":0},"originalSize":{"width":938,"height":622},"rotated":false,"capInsets":[0,0,0,0],"vertices":{"rawPosition":[-469,-311,0,469,-311,0,-469,311,0,469,311,0],"indexes":[0,1,2,2,1,3],"uv":[0,622,938,622,0,0,938,0],"nuv":[0,0,1,0,0,1,1,1],"minPos":{"x":-469,"y":-311,"z":0},"maxPos":{"x":469,"y":311,"z":0}},"packable":true,"pixelsToUnit":100,"pivot":{"x":0.5,"y":0.5},"meshType":0}],[0],0,[0],[0],[0]]
