[1,["3afI6EgNpJz7BKAjQaqJQF@6c48a"],["_textureSource"],["cc.SpriteFrame"],0,[{"name":"HomeWin","rect":{"x":17,"y":113,"width":446,"height":332},"offset":{"x":-16,"y":-23},"originalSize":{"width":512,"height":512},"rotated":false,"capInsets":[0,0,0,0],"vertices":{"rawPosition":[-223,-166,0,223,-166,0,-223,166,0,223,166,0],"indexes":[0,1,2,2,1,3],"uv":[17,399,463,399,17,67,463,67],"nuv":[0.033203125,0.130859375,0.904296875,0.130859375,0.033203125,0.779296875,0.904296875,0.779296875],"minPos":{"x":-223,"y":-166,"z":0},"maxPos":{"x":223,"y":166,"z":0}},"packable":true,"pixelsToUnit":100,"pivot":{"x":0.5,"y":0.5},"meshType":0}],[0],0,[0],[0],[0]]
