{
  "games": {
    "ludo": {
      "hash": "3ab24218",
      "generatedAt": "2026-01-12T08:26:46.136Z"
    },
    "snl": {
      "hash": "ad21f6fa",
      "generatedAt": "2026-01-12T08:26:46.230Z"
    },
    "mafia": {
      "hash": "55bec8a1",
      "generatedAt": "2026-01-12T08:26:46.293Z"
    },
    "pictionary": {
      "hash": "69ce5473",
      "generatedAt": "2026-01-12T08:26:46.319Z"
    },
    "drmonkey": {
      "hash": "cf5e221b",
      "generatedAt": "2026-01-12T08:26:46.350Z"
    }
  }
}