[1,["59nSgOFNhNQJ90UDTn/N6S@6c48a"],["_textureSource"],["cc.SpriteFrame"],0,[{"name":"Spygame_BaseBox","rect":{"x":0,"y":0,"width":965,"height":531},"offset":{"x":0,"y":0},"originalSize":{"width":965,"height":531},"rotated":false,"capInsets":[0,0,0,0],"vertices":{"rawPosition":[-482.5,-265.5,0,482.5,-265.5,0,-482.5,265.5,0,482.5,265.5,0],"indexes":[0,1,2,2,1,3],"uv":[0,531,965,531,0,0,965,0],"nuv":[0,0,1,0,0,1,1,1],"minPos":{"x":-482.5,"y":-265.5,"z":0},"maxPos":{"x":482.5,"y":265.5,"z":0}},"packable":true,"pixelsToUnit":100,"pivot":{"x":0.5,"y":0.5},"meshType":0}],[0],0,[0],[0],[0]]
