[1,["fdNz16BfRIXYPkrFig+uDj@6c48a"],["_textureSource"],["cc.SpriteFrame"],0,[{"name":"SnL_Milo_Board","rect":{"x":0,"y":0,"width":1029,"height":1373},"offset":{"x":0,"y":0},"originalSize":{"width":1029,"height":1373},"rotated":false,"capInsets":[0,0,0,0],"vertices":{"rawPosition":[-514.5,-686.5,0,514.5,-686.5,0,-514.5,686.5,0,514.5,686.5,0],"indexes":[0,1,2,2,1,3],"uv":[0,1373,1029,1373,0,0,1029,0],"nuv":[0,0,1,0,0,1,1,1],"minPos":{"x":-514.5,"y":-686.5,"z":0},"maxPos":{"x":514.5,"y":686.5,"z":0}},"packable":true,"pixelsToUnit":100,"pivot":{"x":0.5,"y":0.5},"meshType":0}],[0],0,[0],[0],[0]]
