[1,["b1oZIO2I9Bn6CH9/OhfGHr@6c48a"],["_textureSource"],["cc.SpriteFrame"],0,[{"name":"down_arrow","rect":{"x":0,"y":0,"width":32,"height":16},"offset":{"x":0,"y":0},"originalSize":{"width":32,"height":16},"rotated":false,"capInsets":[0,0,0,0],"vertices":{"rawPosition":[-16,-8,0,16,-8,0,-16,8,0,16,8,0],"indexes":[0,1,2,2,1,3],"uv":[0,16,32,16,0,0,32,0],"nuv":[0,0,1,0,0,1,1,1],"minPos":{"x":-16,"y":-8,"z":0},"maxPos":{"x":16,"y":8,"z":0}},"packable":true,"pixelsToUnit":100,"pivot":{"x":0.5,"y":0.5},"meshType":0}],[0],0,[0],[0],[0]]
