[1,["39KbcbGfhBZLQAQW8u8V9b@6c48a"],["_textureSource"],["cc.SpriteFrame"],0,[{"name":"P_RoundsBG","rect":{"x":0,"y":0,"width":1920,"height":384},"offset":{"x":0,"y":0},"originalSize":{"width":1920,"height":384},"rotated":false,"capInsets":[0,0,0,0],"vertices":{"rawPosition":[-960,-192,0,960,-192,0,-960,192,0,960,192,0],"indexes":[0,1,2,2,1,3],"uv":[0,384,1920,384,0,0,1920,0],"nuv":[0,0,1,0,0,1,1,1],"minPos":{"x":-960,"y":-192,"z":0},"maxPos":{"x":960,"y":192,"z":0}},"packable":true,"pixelsToUnit":100,"pivot":{"x":0.5,"y":0.5},"meshType":0}],[0],0,[0],[0],[0]]
