[1,["b0GM9QHKxAhYl1/KkRwp0a@6c48a"],["_textureSource"],["cc.SpriteFrame"],0,[{"name":"ProfileCircle","rect":{"x":0,"y":0,"width":272,"height":272},"offset":{"x":0,"y":0},"originalSize":{"width":272,"height":272},"rotated":false,"capInsets":[0,0,0,0],"vertices":{"rawPosition":[-136,-136,0,136,-136,0,-136,136,0,136,136,0],"indexes":[0,1,2,2,1,3],"uv":[0,272,272,272,0,0,272,0],"nuv":[0,0,1,0,0,1,1,1],"minPos":{"x":-136,"y":-136,"z":0},"maxPos":{"x":136,"y":136,"z":0}},"packable":true,"pixelsToUnit":100,"pivot":{"x":0.5,"y":0.5},"meshType":0}],[0],0,[0],[0],[0]]
