[1,["d4jIG5DEBN/oAGRcbHGBwc@6c48a"],["_textureSource"],["cc.SpriteFrame"],0,[{"name":"Group 1","rect":{"x":0,"y":0,"width":386,"height":899},"offset":{"x":0,"y":0},"originalSize":{"width":386,"height":899},"rotated":false,"capInsets":[0,0,0,0],"vertices":{"rawPosition":[-193,-449.5,0,193,-449.5,0,-193,449.5,0,193,449.5,0],"indexes":[0,1,2,2,1,3],"uv":[0,899,386,899,0,0,386,0],"nuv":[0,0,1,0,0,1,1,1],"minPos":{"x":-193,"y":-449.5,"z":0},"maxPos":{"x":193,"y":449.5,"z":0}},"packable":true,"pixelsToUnit":100,"pivot":{"x":0.5,"y":0.5},"meshType":0}],[0],0,[0],[0],[0]]
