[1,["fedtSJPAhJDK8PF/RWfhd/@6c48a"],["_textureSource"],["cc.SpriteFrame"],0,[{"name":"Spygame_TieText","rect":{"x":0,"y":0,"width":541,"height":258},"offset":{"x":0,"y":0},"originalSize":{"width":541,"height":258},"rotated":false,"capInsets":[0,0,0,0],"vertices":{"rawPosition":[-270.5,-129,0,270.5,-129,0,-270.5,129,0,270.5,129,0],"indexes":[0,1,2,2,1,3],"uv":[0,258,541,258,0,0,541,0],"nuv":[0,0,1,0,0,1,1,1],"minPos":{"x":-270.5,"y":-129,"z":0},"maxPos":{"x":270.5,"y":129,"z":0}},"packable":true,"pixelsToUnit":100,"pivot":{"x":0.5,"y":0.5},"meshType":0}],[0],0,[0],[0],[0]]
