[1,["30o0eqSzFIwYmXjf+DNLWX@6c48a"],["_textureSource"],["cc.SpriteFrame"],0,[{"name":"Ranking_icon","rect":{"x":3,"y":3,"width":39,"height":39},"offset":{"x":0,"y":0},"originalSize":{"width":45,"height":45},"rotated":false,"capInsets":[0,0,0,0],"vertices":{"rawPosition":[-19.5,-19.5,0,19.5,-19.5,0,-19.5,19.5,0,19.5,19.5,0],"indexes":[0,1,2,2,1,3],"uv":[3,42,42,42,3,3,42,3],"nuv":[0.06666666666666667,0.06666666666666667,0.9333333333333333,0.06666666666666667,0.06666666666666667,0.9333333333333333,0.9333333333333333,0.9333333333333333],"minPos":{"x":-19.5,"y":-19.5,"z":0},"maxPos":{"x":19.5,"y":19.5,"z":0}},"packable":true,"pixelsToUnit":100,"pivot":{"x":0.5,"y":0.5},"meshType":0}],[0],0,[0],[0],[0]]
