[1,["30sT2rOB1FoKRRE+aTd0pb@6c48a"],["_textureSource"],["cc.SpriteFrame"],0,[{"name":"color_picker_bg","rect":{"x":0,"y":0,"width":510,"height":56},"offset":{"x":0,"y":0},"originalSize":{"width":510,"height":56},"rotated":false,"capInsets":[255,28,255,28],"vertices":{"rawPosition":[-255,-28,0,255,-28,0,-255,28,0,255,28,0],"indexes":[0,1,2,2,1,3],"uv":[0,56,510,56,0,0,510,0],"nuv":[0,0,1,0,0,1,1,1],"minPos":{"x":-255,"y":-28,"z":0},"maxPos":{"x":255,"y":28,"z":0}},"packable":true,"pixelsToUnit":100,"pivot":{"x":0.5,"y":0.5},"meshType":0}],[0],0,[0],[0],[0]]
