[1,["54zt7Cg7pPdaFJDstNBh0X@6c48a"],["_textureSource"],["cc.SpriteFrame"],0,[{"name":"dice_05","rect":{"x":3,"y":1,"width":104,"height":108},"offset":{"x":0,"y":0},"originalSize":{"width":110,"height":110},"rotated":false,"capInsets":[0,0,0,0],"vertices":{"rawPosition":[-52,-54,0,52,-54,0,-52,54,0,52,54,0],"indexes":[0,1,2,2,1,3],"uv":[3,109,107,109,3,1,107,1],"nuv":[0.02727272727272727,0.00909090909090909,0.9727272727272728,0.00909090909090909,0.02727272727272727,0.990909090909091,0.9727272727272728,0.990909090909091],"minPos":{"x":-52,"y":-54,"z":0},"maxPos":{"x":52,"y":54,"z":0}},"packable":true,"pixelsToUnit":100,"pivot":{"x":0.5,"y":0.5},"meshType":0}],[0],0,[0],[0],[0]]
