[1,["7egGDeqsFC2YpVA03tfAG5@6c48a"],["_textureSource"],["cc.SpriteFrame"],0,[{"name":"Three 6s","rect":{"x":40,"y":40,"width":432,"height":432},"offset":{"x":0,"y":0},"originalSize":{"width":512,"height":512},"rotated":false,"capInsets":[0,0,0,0],"vertices":{"rawPosition":[-216,-216,0,216,-216,0,-216,216,0,216,216,0],"indexes":[0,1,2,2,1,3],"uv":[40,472,472,472,40,40,472,40],"nuv":[0.078125,0.078125,0.921875,0.078125,0.078125,0.921875,0.921875,0.921875],"minPos":{"x":-216,"y":-216,"z":0},"maxPos":{"x":216,"y":216,"z":0}},"packable":true,"pixelsToUnit":100,"pivot":{"x":0.5,"y":0.5},"meshType":0}],[0],0,[0],[0],[0]]
