[1,["d9Ng+MU4dNK6gLe2lXfc4G@6c48a"],["_textureSource"],["cc.SpriteFrame"],0,[{"name":"avatar02","rect":{"x":0,"y":0,"width":78,"height":79},"offset":{"x":0,"y":0},"originalSize":{"width":78,"height":79},"rotated":false,"capInsets":[0,0,0,0],"vertices":{"rawPosition":[-39,-39.5,0,39,-39.5,0,-39,39.5,0,39,39.5,0],"indexes":[0,1,2,2,1,3],"uv":[0,79,78,79,0,0,78,0],"nuv":[0,0,1,0,0,1,1,1],"minPos":{"x":-39,"y":-39.5,"z":0},"maxPos":{"x":39,"y":39.5,"z":0}},"packable":true,"pixelsToUnit":100,"pivot":{"x":0.5,"y":0.5},"meshType":0}],[0],0,[0],[0],[0]]
