[1,["39yKYOqrJP/K9RValdtkvZ@6c48a"],["_textureSource"],["cc.SpriteFrame"],0,[{"name":"pawn move animation","rect":{"x":38,"y":8,"width":583,"height":73},"offset":{"x":14.5,"y":0.5},"originalSize":{"width":630,"height":90},"rotated":false,"capInsets":[0,0,0,0],"vertices":{"rawPosition":[-291.5,-36.5,0,291.5,-36.5,0,-291.5,36.5,0,291.5,36.5,0],"indexes":[0,1,2,2,1,3],"uv":[38,82,621,82,38,9,621,9],"nuv":[0.06031746031746032,0.1,0.9857142857142858,0.1,0.06031746031746032,0.9111111111111111,0.9857142857142858,0.9111111111111111],"minPos":{"x":-291.5,"y":-36.5,"z":0},"maxPos":{"x":291.5,"y":36.5,"z":0}},"packable":true,"pixelsToUnit":100,"pivot":{"x":0.5,"y":0.5},"meshType":0}],[0],0,[0],[0],[0]]
