[1,["e2Ok9rFw5C6qnCz9sNWWp2@6c48a"],["_textureSource"],["cc.SpriteFrame"],0,[{"name":"P_Chatbox","rect":{"x":0,"y":0,"width":391,"height":1046},"offset":{"x":0,"y":0},"originalSize":{"width":391,"height":1046},"rotated":false,"capInsets":[0,0,0,0],"vertices":{"rawPosition":[-195.5,-523,0,195.5,-523,0,-195.5,523,0,195.5,523,0],"indexes":[0,1,2,2,1,3],"uv":[0,1046,391,1046,0,0,391,0],"nuv":[0,0,1,0,0,1,1,1],"minPos":{"x":-195.5,"y":-523,"z":0},"maxPos":{"x":195.5,"y":523,"z":0}},"packable":true,"pixelsToUnit":100,"pivot":{"x":0.5,"y":0.5},"meshType":0}],[0],0,[0],[0],[0]]
