[1,["4dbdK3TMtMTY00iDBlCWoN@6c48a"],["_textureSource"],["cc.SpriteFrame"],0,[{"name":"tool_bar_bg","rect":{"x":0,"y":0,"width":746,"height":143},"offset":{"x":0,"y":0},"originalSize":{"width":746,"height":143},"rotated":false,"capInsets":[70,70,70,70],"vertices":{"rawPosition":[-373,-71.5,0,373,-71.5,0,-373,71.5,0,373,71.5,0],"indexes":[0,1,2,2,1,3],"uv":[0,143,746,143,0,0,746,0],"nuv":[0,0,1,0,0,1,1,1],"minPos":{"x":-373,"y":-71.5,"z":0},"maxPos":{"x":373,"y":71.5,"z":0}},"packable":true,"pixelsToUnit":100,"pivot":{"x":0.5,"y":0.5},"meshType":0}],[0],0,[0],[0],[0]]
