[1,["77tsbvgPZLdYcyxM14L0FK@6c48a"],["_textureSource"],["cc.SpriteFrame"],0,[{"name":"P_CrownGold","rect":{"x":0,"y":0,"width":114,"height":103},"offset":{"x":0,"y":0},"originalSize":{"width":114,"height":103},"rotated":false,"capInsets":[0,0,0,0],"vertices":{"rawPosition":[-57,-51.5,0,57,-51.5,0,-57,51.5,0,57,51.5,0],"indexes":[0,1,2,2,1,3],"uv":[0,103,114,103,0,0,114,0],"nuv":[0,0,1,0,0,1,1,1],"minPos":{"x":-57,"y":-51.5,"z":0},"maxPos":{"x":57,"y":51.5,"z":0}},"packable":true,"pixelsToUnit":100,"pivot":{"x":0.5,"y":0.5},"meshType":0}],[0],0,[0],[0],[0]]
