[1,["04gdbVyX1KlqVANKFWLLm9@6c48a"],["_textureSource"],["cc.SpriteFrame"],0,[{"name":"NoticeBoardBg","rect":{"x":0,"y":0,"width":1156,"height":907},"offset":{"x":0,"y":0},"originalSize":{"width":1156,"height":907},"rotated":false,"capInsets":[20,20,20,20],"vertices":{"rawPosition":[-578,-453.5,0,578,-453.5,0,-578,453.5,0,578,453.5,0],"indexes":[0,1,2,2,1,3],"uv":[0,907,1156,907,0,0,1156,0],"nuv":[0,0,1,0,0,1,1,1],"minPos":{"x":-578,"y":-453.5,"z":0},"maxPos":{"x":578,"y":453.5,"z":0}},"packable":true,"pixelsToUnit":100,"pivot":{"x":0.5,"y":0.5},"meshType":0}],[0],0,[0],[0],[0]]
