[1,["5cLdqFUQRBAqSM6tmBQAeD@6c48a"],["_textureSource"],["cc.SpriteFrame"],0,[{"name":"Ludo_GoldenDice","rect":{"x":18,"y":15,"width":95,"height":96},"offset":{"x":1.5,"y":1},"originalSize":{"width":128,"height":128},"rotated":false,"capInsets":[0,0,0,0],"vertices":{"rawPosition":[-47.5,-48,0,47.5,-48,0,-47.5,48,0,47.5,48,0],"indexes":[0,1,2,2,1,3],"uv":[18,113,113,113,18,17,113,17],"nuv":[0.140625,0.1328125,0.8828125,0.1328125,0.140625,0.8828125,0.8828125,0.8828125],"minPos":{"x":-47.5,"y":-48,"z":0},"maxPos":{"x":47.5,"y":48,"z":0}},"packable":true,"pixelsToUnit":100,"pivot":{"x":0.5,"y":0.5},"meshType":0}],[0],0,[0],[0],[0]]
