[1,["5c2DKkFw1F8KEVUj906rap@6c48a"],["_textureSource"],["cc.SpriteFrame"],0,[{"name":"Ludo_Milo_PinBlue","rect":{"x":2,"y":1,"width":73,"height":103},"offset":{"x":-0.5,"y":0},"originalSize":{"width":78,"height":105},"rotated":false,"capInsets":[0,0,0,0],"vertices":{"rawPosition":[-36.5,-51.5,0,36.5,-51.5,0,-36.5,51.5,0,36.5,51.5,0],"indexes":[0,1,2,2,1,3],"uv":[2,104,75,104,2,1,75,1],"nuv":[0.02564102564102564,0.009523809523809525,0.9615384615384616,0.009523809523809525,0.02564102564102564,0.9904761904761905,0.9615384615384616,0.9904761904761905],"minPos":{"x":-36.5,"y":-51.5,"z":0},"maxPos":{"x":36.5,"y":51.5,"z":0}},"packable":true,"pixelsToUnit":100,"pivot":{"x":0.5,"y":0.5},"meshType":0}],[0],0,[0],[0],[0]]
