{
  "games": {
    "ludo": {
      "hash": "3ab24218",
      "generatedAt": "2026-01-07T10:13:51.901Z"
    },
    "snl": {
      "hash": "ad21f6fa",
      "generatedAt": "2026-01-07T10:13:51.952Z"
    },
    "mafia": {
      "hash": "59c03e7b",
      "generatedAt": "2026-01-07T10:13:51.990Z"
    },
    "pictionary": {
      "hash": "69ce5473",
      "generatedAt": "2026-01-07T10:13:52.024Z"
    },
    "drmonkey": {
      "hash": "7bf6e518",
      "generatedAt": "2026-01-07T10:13:52.066Z"
    }
  }
}