[1,["63AwJDSPpKNo0WLoR2H8Qu@6c48a"],["_textureSource"],["cc.SpriteFrame"],0,[{"name":"DrMonkey_Qn_BG","rect":{"x":37,"y":4,"width":1007,"height":920},"offset":{"x":0.5,"y":-2},"originalSize":{"width":1080,"height":924},"rotated":false,"capInsets":[0,0,0,0],"vertices":{"rawPosition":[-503.5,-460,0,503.5,-460,0,-503.5,460,0,503.5,460,0],"indexes":[0,1,2,2,1,3],"uv":[37,920,1044,920,37,0,1044,0],"nuv":[0.03425925925925926,0,0.9666666666666667,0,0.03425925925925926,0.9956709956709957,0.9666666666666667,0.9956709956709957],"minPos":{"x":-503.5,"y":-460,"z":0},"maxPos":{"x":503.5,"y":460,"z":0}},"packable":true,"pixelsToUnit":100,"pivot":{"x":0.5,"y":0.5},"meshType":0}],[0],0,[0],[0],[0]]
