[1,["8ewJ4sbdNHaL+JnuSnCz7S@6c48a"],["_textureSource"],["cc.SpriteFrame"],0,[{"name":"palette_icon","rect":{"x":1,"y":2,"width":78,"height":70},"offset":{"x":0,"y":-0.5},"originalSize":{"width":80,"height":73},"rotated":false,"capInsets":[0,0,0,0],"vertices":{"rawPosition":[-39,-35,0,39,-35,0,-39,35,0,39,35,0],"indexes":[0,1,2,2,1,3],"uv":[1,71,79,71,1,1,79,1],"nuv":[0.0125,0.0136986301369863,0.9875,0.0136986301369863,0.0125,0.9726027397260274,0.9875,0.9726027397260274],"minPos":{"x":-39,"y":-35,"z":0},"maxPos":{"x":39,"y":35,"z":0}},"packable":true,"pixelsToUnit":100,"pivot":{"x":0.5,"y":0.5},"meshType":0}],[0],0,[0],[0],[0]]
