[1,["afQpn+A85P376Ixz6bzGb/@6c48a"],["_textureSource"],["cc.SpriteFrame"],0,[{"name":"ring","rect":{"x":10,"y":10,"width":492,"height":492},"offset":{"x":0,"y":0},"originalSize":{"width":512,"height":512},"rotated":false,"capInsets":[0,0,0,0],"vertices":{"rawPosition":[-246,-246,0,246,-246,0,-246,246,0,246,246,0],"indexes":[0,1,2,2,1,3],"uv":[10,502,502,502,10,10,502,10],"nuv":[0.01953125,0.01953125,0.98046875,0.01953125,0.01953125,0.98046875,0.98046875,0.98046875],"minPos":{"x":-246,"y":-246,"z":0},"maxPos":{"x":246,"y":246,"z":0}},"packable":true,"pixelsToUnit":100,"pivot":{"x":0.5,"y":0.5},"meshType":0}],[0],0,[0],[0],[0]]
