[1,["efDV+iaaxPo6JVIcdqA/0D@6c48a"],["_textureSource"],["cc.SpriteFrame"],0,[{"name":"P_ProfileCircle","rect":{"x":0,"y":0,"width":100,"height":101},"offset":{"x":0,"y":0},"originalSize":{"width":100,"height":101},"rotated":false,"capInsets":[0,0,0,0],"vertices":{"rawPosition":[-50,-50.5,0,50,-50.5,0,-50,50.5,0,50,50.5,0],"indexes":[0,1,2,2,1,3],"uv":[0,101,100,101,0,0,100,0],"nuv":[0,0,1,0,0,1,1,1],"minPos":{"x":-50,"y":-50.5,"z":0},"maxPos":{"x":50,"y":50.5,"z":0}},"packable":true,"pixelsToUnit":100,"pivot":{"x":0.5,"y":0.5},"meshType":0}],[0],0,[0],[0],[0]]
