[1,["91tiVBE+JLsqhsukzsLbeT@6c48a"],["_textureSource"],["cc.SpriteFrame"],0,[{"name":"white_round_bg","rect":{"x":0,"y":0,"width":200,"height":75},"offset":{"x":0,"y":0},"originalSize":{"width":200,"height":75},"rotated":false,"capInsets":[100,37,100,37],"vertices":{"rawPosition":[-100,-37.5,0,100,-37.5,0,-100,37.5,0,100,37.5,0],"indexes":[0,1,2,2,1,3],"uv":[0,75,200,75,0,0,200,0],"nuv":[0,0,1,0,0,1,1,1],"minPos":{"x":-100,"y":-37.5,"z":0},"maxPos":{"x":100,"y":37.5,"z":0}},"packable":true,"pixelsToUnit":100,"pivot":{"x":0.5,"y":0.5},"meshType":0}],[0],0,[0],[0],[0]]
