[1,["14iwU4c4RCFa60gABOhooG@6c48a"],["_textureSource"],["cc.SpriteFrame"],0,[{"name":"spygame_fullradius","rect":{"x":0,"y":0,"width":250,"height":52},"offset":{"x":0,"y":0},"originalSize":{"width":250,"height":52},"rotated":false,"capInsets":[35,27,35,25],"vertices":{"rawPosition":[-125,-26,0,125,-26,0,-125,26,0,125,26,0],"indexes":[0,1,2,2,1,3],"uv":[0,52,250,52,0,0,250,0],"nuv":[0,0,1,0,0,1,1,1],"minPos":{"x":-125,"y":-26,"z":0},"maxPos":{"x":125,"y":26,"z":0}},"packable":true,"pixelsToUnit":100,"pivot":{"x":0.5,"y":0.5},"meshType":0}],[0],0,[0],[0],[0]]
