[1,["53aL4/nvlGkLg8c1qB5Na9@6c48a"],["_textureSource"],["cc.SpriteFrame"],0,[{"name":"spygame_ear_emoji","rect":{"x":10,"y":1,"width":31,"height":48},"offset":{"x":0.5,"y":0},"originalSize":{"width":50,"height":50},"rotated":false,"capInsets":[0,0,0,0],"vertices":{"rawPosition":[-15.5,-24,0,15.5,-24,0,-15.5,24,0,15.5,24,0],"indexes":[0,1,2,2,1,3],"uv":[10,49,41,49,10,1,41,1],"nuv":[0.2,0.02,0.82,0.02,0.2,0.98,0.82,0.98],"minPos":{"x":-15.5,"y":-24,"z":0},"maxPos":{"x":15.5,"y":24,"z":0}},"packable":true,"pixelsToUnit":100,"pivot":{"x":0.5,"y":0.5},"meshType":0}],[0],0,[0],[0],[0]]
