[1,["ddBaCQKeZF2YOzuzE2qAXy@6c48a"],["_textureSource"],["cc.SpriteFrame"],0,[{"name":"stroke_picker_bg","rect":{"x":0,"y":0,"width":244,"height":56},"offset":{"x":0,"y":0},"originalSize":{"width":244,"height":56},"rotated":false,"capInsets":[122,28,122,28],"vertices":{"rawPosition":[-122,-28,0,122,-28,0,-122,28,0,122,28,0],"indexes":[0,1,2,2,1,3],"uv":[0,56,244,56,0,0,244,0],"nuv":[0,0,1,0,0,1,1,1],"minPos":{"x":-122,"y":-28,"z":0},"maxPos":{"x":122,"y":28,"z":0}},"packable":true,"pixelsToUnit":100,"pivot":{"x":0.5,"y":0.5},"meshType":0}],[0],0,[0],[0],[0]]
