[1,["cdY9vH8m9F1KfdmmIPAlOJ@6c48a"],["_textureSource"],["cc.SpriteFrame"],0,[{"name":"editbox_bg","rect":{"x":0,"y":0,"width":750,"height":110},"offset":{"x":0,"y":0},"originalSize":{"width":750,"height":110},"rotated":false,"capInsets":[0,0,0,0],"vertices":{"rawPosition":[-375,-55,0,375,-55,0,-375,55,0,375,55,0],"indexes":[0,1,2,2,1,3],"uv":[0,110,750,110,0,0,750,0],"nuv":[0,0,1,0,0,1,1,1],"minPos":{"x":-375,"y":-55,"z":0},"maxPos":{"x":375,"y":55,"z":0}},"packable":true,"pixelsToUnit":100,"pivot":{"x":0.5,"y":0.5},"meshType":0}],[0],0,[0],[0],[0]]
