[1,["2aJ7Kkb2ZCTrWge3KLygdW@6c48a"],["_textureSource"],["cc.SpriteFrame"],0,[{"name":"winning_bg","rect":{"x":0,"y":0,"width":675,"height":1200},"offset":{"x":0,"y":0},"originalSize":{"width":675,"height":1200},"rotated":false,"capInsets":[0,0,0,0],"vertices":{"rawPosition":[-337.5,-600,0,337.5,-600,0,-337.5,600,0,337.5,600,0],"indexes":[0,1,2,2,1,3],"uv":[0,1200,675,1200,0,0,675,0],"nuv":[0,0,1,0,0,1,1,1],"minPos":{"x":-337.5,"y":-600,"z":0},"maxPos":{"x":337.5,"y":600,"z":0}},"packable":true,"pixelsToUnit":100,"pivot":{"x":0.5,"y":0.5},"meshType":0}],[0],0,[0],[0],[0]]
