[1,["depnBZA6dAOJLSpQaFlc0+@6c48a"],["_textureSource"],["cc.SpriteFrame"],0,[{"name":"Letter_bg","rect":{"x":0,"y":0,"width":120,"height":120},"offset":{"x":0,"y":0},"originalSize":{"width":120,"height":120},"rotated":false,"capInsets":[10,10,10,10],"vertices":{"rawPosition":[-60,-60,0,60,-60,0,-60,60,0,60,60,0],"indexes":[0,1,2,2,1,3],"uv":[0,120,120,120,0,0,120,0],"nuv":[0,0,1,0,0,1,1,1],"minPos":{"x":-60,"y":-60,"z":0},"maxPos":{"x":60,"y":60,"z":0}},"packable":true,"pixelsToUnit":100,"pivot":{"x":0.5,"y":0.5},"meshType":0}],[0],0,[0],[0],[0]]
