[1,["c5ztHN43pO75wrJYg9Zc56@6c48a"],["_textureSource"],["cc.SpriteFrame"],0,[{"name":"Snl Gui","rect":{"x":0,"y":0,"width":1561,"height":1383},"offset":{"x":0,"y":0},"originalSize":{"width":1561,"height":1383},"rotated":false,"capInsets":[0,0,0,0],"vertices":{"rawPosition":[-780.5,-691.5,0,780.5,-691.5,0,-780.5,691.5,0,780.5,691.5,0],"indexes":[0,1,2,2,1,3],"uv":[0,1383,1561,1383,0,0,1561,0],"nuv":[0,0,1,0,0,1,1,1],"minPos":{"x":-780.5,"y":-691.5,"z":0},"maxPos":{"x":780.5,"y":691.5,"z":0}},"packable":true,"pixelsToUnit":100,"pivot":{"x":0.5,"y":0.5},"meshType":0}],[0],0,[0],[0],[0]]
