[1,["d2SPQR4IZGTbyHYBCDzuPp@6c48a"],["_textureSource"],["cc.SpriteFrame"],0,[{"name":"Picitonary","rect":{"x":0,"y":0,"width":2045,"height":1922},"offset":{"x":0,"y":0},"originalSize":{"width":2045,"height":1922},"rotated":false,"capInsets":[0,0,0,0],"vertices":{"rawPosition":[-1022.5,-961,0,1022.5,-961,0,-1022.5,961,0,1022.5,961,0],"indexes":[0,1,2,2,1,3],"uv":[0,1922,2045,1922,0,0,2045,0],"nuv":[0,0,1,0,0,1,1,1],"minPos":{"x":-1022.5,"y":-961,"z":0},"maxPos":{"x":1022.5,"y":961,"z":0}},"packable":true,"pixelsToUnit":100,"pivot":{"x":0.5,"y":0.5},"meshType":0}],[0],0,[0],[0],[0]]
