[1,["dcNq7zWAtOC79jXK9KRaWS@6c48a"],["_textureSource"],["cc.SpriteFrame"],0,[{"name":"00","rect":{"x":19,"y":27,"width":112,"height":96},"offset":{"x":0,"y":0},"originalSize":{"width":150,"height":150},"rotated":false,"capInsets":[0,0,0,0],"vertices":{"rawPosition":[-56,-48,0,56,-48,0,-56,48,0,56,48,0],"indexes":[0,1,2,2,1,3],"uv":[19,123,131,123,19,27,131,27],"nuv":[0.12666666666666668,0.18,0.8733333333333333,0.18,0.12666666666666668,0.82,0.8733333333333333,0.82],"minPos":{"x":-56,"y":-48,"z":0},"maxPos":{"x":56,"y":48,"z":0}},"packable":true,"pixelsToUnit":100,"pivot":{"x":0.5,"y":0.5},"meshType":0}],[0],0,[0],[0],[0]]
