[1,["feZRx9RYxK/I65mmNPOLmB@6c48a"],["_textureSource"],["cc.SpriteFrame"],0,[{"name":"P_TextwordBG","rect":{"x":0,"y":0,"width":448,"height":137},"offset":{"x":0,"y":0},"originalSize":{"width":448,"height":137},"rotated":false,"capInsets":[16,16,16,16],"vertices":{"rawPosition":[-224,-68.5,0,224,-68.5,0,-224,68.5,0,224,68.5,0],"indexes":[0,1,2,2,1,3],"uv":[0,137,448,137,0,0,448,0],"nuv":[0,0,1,0,0,1,1,1],"minPos":{"x":-224,"y":-68.5,"z":0},"maxPos":{"x":224,"y":68.5,"z":0}},"packable":true,"pixelsToUnit":100,"pivot":{"x":0.5,"y":0.5},"meshType":0}],[0],0,[0],[0],[0]]
