[1,["6fU2RbVRtLGJsf5drdE+1h@6c48a"],["_textureSource"],["cc.SpriteFrame"],0,[{"name":"P_YouBG","rect":{"x":0,"y":0,"width":198,"height":64},"offset":{"x":0,"y":0},"originalSize":{"width":198,"height":64},"rotated":false,"capInsets":[0,0,0,0],"vertices":{"rawPosition":[-99,-32,0,99,-32,0,-99,32,0,99,32,0],"indexes":[0,1,2,2,1,3],"uv":[0,64,198,64,0,0,198,0],"nuv":[0,0,1,0,0,1,1,1],"minPos":{"x":-99,"y":-32,"z":0},"maxPos":{"x":99,"y":32,"z":0}},"packable":true,"pixelsToUnit":100,"pivot":{"x":0.5,"y":0.5},"meshType":0}],[0],0,[0],[0],[0]]
