[1,["02Xktc5gtF+bvn7zX/aeYD@6c48a"],["_textureSource"],["cc.SpriteFrame"],0,[{"name":"DrMonkey_TitleBG","rect":{"x":0,"y":2,"width":1080,"height":225},"offset":{"x":0,"y":-1},"originalSize":{"width":1080,"height":227},"rotated":false,"capInsets":[0,0,0,0],"vertices":{"rawPosition":[-540,-112.5,0,540,-112.5,0,-540,112.5,0,540,112.5,0],"indexes":[0,1,2,2,1,3],"uv":[0,225,1080,225,0,0,1080,0],"nuv":[0,0,1,0,0,0.9911894273127754,1,0.9911894273127754],"minPos":{"x":-540,"y":-112.5,"z":0},"maxPos":{"x":540,"y":112.5,"z":0}},"packable":true,"pixelsToUnit":100,"pivot":{"x":0.5,"y":0.5},"meshType":0}],[0],0,[0],[0],[0]]
