{
  "games": {
    "ludo": {
      "hash": "ec0ce9c7",
      "generatedAt": "2025-11-21T07:44:17.951Z"
    },
    "snl": {
      "hash": "6a6188f6",
      "generatedAt": "2025-11-21T07:44:18.245Z"
    },
    "mafia": {
      "hash": "c7fa80b5",
      "generatedAt": "2025-11-21T07:44:18.424Z"
    },
    "pictionary": {
      "hash": "acd27dd4",
      "generatedAt": "2025-11-21T07:44:18.614Z"
    },
    "drmonkey": {
      "hash": "1b9905d6",
      "generatedAt": "2025-11-21T07:44:18.716Z"
    }
  }
}