[1,["17D6Z2BWhAlL8uj4/1/hC7@6c48a"],["_textureSource"],["cc.SpriteFrame"],0,[{"name":"spygame_silent_emoji","rect":{"x":1,"y":1,"width":47,"height":49},"offset":{"x":-0.5,"y":-0.5},"originalSize":{"width":50,"height":50},"rotated":false,"capInsets":[0,0,0,0],"vertices":{"rawPosition":[-23.5,-24.5,0,23.5,-24.5,0,-23.5,24.5,0,23.5,24.5,0],"indexes":[0,1,2,2,1,3],"uv":[1,49,48,49,1,0,48,0],"nuv":[0.02,0,0.96,0,0.02,0.98,0.96,0.98],"minPos":{"x":-23.5,"y":-24.5,"z":0},"maxPos":{"x":23.5,"y":24.5,"z":0}},"packable":true,"pixelsToUnit":100,"pivot":{"x":0.5,"y":0.5},"meshType":0}],[0],0,[0],[0],[0]]
