[1,["e4ed6y0rRDqZeOVlQHeUWf@6c48a"],["_textureSource"],["cc.SpriteFrame"],0,[{"name":"Ludo_Bomb","rect":{"x":13,"y":21,"width":97,"height":95},"offset":{"x":-2.5,"y":-4.5},"originalSize":{"width":128,"height":128},"rotated":false,"capInsets":[0,0,0,0],"vertices":{"rawPosition":[-48.5,-47.5,0,48.5,-47.5,0,-48.5,47.5,0,48.5,47.5,0],"indexes":[0,1,2,2,1,3],"uv":[13,107,110,107,13,12,110,12],"nuv":[0.1015625,0.09375,0.859375,0.09375,0.1015625,0.8359375,0.859375,0.8359375],"minPos":{"x":-48.5,"y":-47.5,"z":0},"maxPos":{"x":48.5,"y":47.5,"z":0}},"packable":true,"pixelsToUnit":100,"pivot":{"x":0.5,"y":0.5},"meshType":0}],[0],0,[0],[0],[0]]
