[1,["2bgARoBiZEsoCRpSP8j+iP@6c48a"],["_textureSource"],["cc.SpriteFrame"],0,[{"name":"MockupLandscape","rect":{"x":0,"y":0,"width":1280,"height":720},"offset":{"x":0,"y":0},"originalSize":{"width":1280,"height":720},"rotated":false,"capInsets":[0,0,0,0],"vertices":{"rawPosition":[-640,-360,0,640,-360,0,-640,360,0,640,360,0],"indexes":[0,1,2,2,1,3],"uv":[0,720,1280,720,0,0,1280,0],"nuv":[0,0,1,0,0,1,1,1],"minPos":{"x":-640,"y":-360,"z":0},"maxPos":{"x":640,"y":360,"z":0}},"packable":true,"pixelsToUnit":100,"pivot":{"x":0.5,"y":0.5},"meshType":0}],[0],0,[0],[0],[0]]
