[1,["c5VYxePxFHoImVUbIlTYTq@6c48a"],["_textureSource"],["cc.SpriteFrame"],0,[{"name":"P_Timericon_circle","rect":{"x":0,"y":0,"width":26,"height":26},"offset":{"x":0,"y":0},"originalSize":{"width":26,"height":26},"rotated":false,"capInsets":[0,0,0,0],"vertices":{"rawPosition":[-13,-13,0,13,-13,0,-13,13,0,13,13,0],"indexes":[0,1,2,2,1,3],"uv":[0,26,26,26,0,0,26,0],"nuv":[0,0,1,0,0,1,1,1],"minPos":{"x":-13,"y":-13,"z":0},"maxPos":{"x":13,"y":13,"z":0}},"packable":true,"pixelsToUnit":100,"pivot":{"x":0.5,"y":0.5},"meshType":0}],[0],0,[0],[0],[0]]
