[1,["ddi5S5NRRAp4u5aZGq4ijh@6c48a"],["_textureSource"],["cc.SpriteFrame"],0,[{"name":"spygame_crown_emoji","rect":{"x":1,"y":9,"width":49,"height":41},"offset":{"x":0.5,"y":-4.5},"originalSize":{"width":50,"height":50},"rotated":false,"capInsets":[0,0,0,0],"vertices":{"rawPosition":[-24.5,-20.5,0,24.5,-20.5,0,-24.5,20.5,0,24.5,20.5,0],"indexes":[0,1,2,2,1,3],"uv":[1,41,50,41,1,0,50,0],"nuv":[0.02,0,1,0,0.02,0.82,1,0.82],"minPos":{"x":-24.5,"y":-20.5,"z":0},"maxPos":{"x":24.5,"y":20.5,"z":0}},"packable":true,"pixelsToUnit":100,"pivot":{"x":0.5,"y":0.5},"meshType":0}],[0],0,[0],[0],[0]]
