[1,["f7uWeiYwBNH6IDu9frlD3D@6c48a"],["_textureSource"],["cc.SpriteFrame"],0,[{"name":"DrMonkey_MonkeywithCard","rect":{"x":0,"y":41,"width":880,"height":1540},"offset":{"x":-0.5,"y":-20.5},"originalSize":{"width":881,"height":1581},"rotated":false,"capInsets":[0,0,0,0],"vertices":{"rawPosition":[-440,-770,0,440,-770,0,-440,770,0,440,770,0],"indexes":[0,1,2,2,1,3],"uv":[0,1540,880,1540,0,0,880,0],"nuv":[0,0,0.9988649262202043,0,0,0.9740670461733081,0.9988649262202043,0.9740670461733081],"minPos":{"x":-440,"y":-770,"z":0},"maxPos":{"x":440,"y":770,"z":0}},"packable":true,"pixelsToUnit":100,"pivot":{"x":0.5,"y":0.5},"meshType":0}],[0],0,[0],[0],[0]]
