[1,["8cP9BrTfFMo5/YsDkxnjFR@6c48a"],["_textureSource"],["cc.SpriteFrame"],0,[{"name":"leaderboard_top_user_bg","rect":{"x":0,"y":0,"width":662,"height":106},"offset":{"x":0,"y":0},"originalSize":{"width":662,"height":106},"rotated":false,"capInsets":[0,0,0,0],"vertices":{"rawPosition":[-331,-53,0,331,-53,0,-331,53,0,331,53,0],"indexes":[0,1,2,2,1,3],"uv":[0,106,662,106,0,0,662,0],"nuv":[0,0,1,0,0,1,1,1],"minPos":{"x":-331,"y":-53,"z":0},"maxPos":{"x":331,"y":53,"z":0}},"packable":true,"pixelsToUnit":100,"pivot":{"x":0.5,"y":0.5},"meshType":0}],[0],0,[0],[0],[0]]
