[1,["dcB2wyAN9ElpFLhwckh69x@6c48a"],["_textureSource"],["cc.SpriteFrame"],0,[{"name":"PawnRipple00","rect":{"x":41,"y":41,"width":38,"height":38},"offset":{"x":0,"y":0},"originalSize":{"width":120,"height":120},"rotated":false,"capInsets":[0,0,0,0],"vertices":{"rawPosition":[-19,-19,0,19,-19,0,-19,19,0,19,19,0],"indexes":[0,1,2,2,1,3],"uv":[41,79,79,79,41,41,79,41],"nuv":[0.3416666666666667,0.3416666666666667,0.6583333333333333,0.3416666666666667,0.3416666666666667,0.6583333333333333,0.6583333333333333,0.6583333333333333],"minPos":{"x":-19,"y":-19,"z":0},"maxPos":{"x":19,"y":19,"z":0}},"packable":true,"pixelsToUnit":100,"pivot":{"x":0.5,"y":0.5},"meshType":0}],[0],0,[0],[0],[0]]
