[1,["e5QvFSrf1HWoxZAOrlWbkz@f9941"],["spriteFrame"],[["cc.BitmapFont",["_name","fontSize","fntConfig"],0]],[[0,0,1,2,4]],[[0,"HagridText-Extrabold",72,{"commonHeight":72,"fontSize":72,"atlasName":"HagridText-Extrabold.png","fontDefDictionary":{"32":{"xOffset":0,"yOffset":0,"xAdvance":18,"rect":{"x":0,"y":0,"width":0,"height":0}},"33":{"xOffset":2,"yOffset":8,"xAdvance":26,"rect":{"x":502,"y":0,"width":22,"height":58}},"34":{"xOffset":3,"yOffset":8,"xAdvance":41,"rect":{"x":427,"y":237,"width":34,"height":26}},"35":{"xOffset":0,"yOffset":7,"xAdvance":46,"rect":{"x":427,"y":0,"width":45,"height":58}},"36":{"xOffset":1,"yOffset":1,"xAdvance":56,"rect":{"x":157,"y":116,"width":54,"height":72}},"37":{"xOffset":0,"yOffset":6,"xAdvance":87,"rect":{"x":0,"y":59,"width":87,"height":63}},"38":{"xOffset":0,"yOffset":8,"xAdvance":63,"rect":{"x":0,"y":400,"width":62,"height":58}},"39":{"xOffset":3,"yOffset":8,"xAdvance":22,"rect":{"x":354,"y":456,"width":16,"height":26}},"40":{"xOffset":0,"yOffset":1,"xAdvance":25,"rect":{"x":473,"y":258,"width":24,"height":74}},"41":{"xOffset":0,"yOffset":1,"xAdvance":25,"rect":{"x":473,"y":183,"width":25,"height":74}},"42":{"xOffset":1,"yOffset":8,"xAdvance":43,"rect":{"x":97,"y":480,"width":40,"height":38}},"43":{"xOffset":1,"yOffset":25,"xAdvance":30,"rect":{"x":473,"y":156,"width":27,"height":26}},"44":{"xOffset":2,"yOffset":50,"xAdvance":24,"rect":{"x":157,"y":500,"width":20,"height":23}},"45":{"xOffset":1,"yOffset":33,"xAdvance":30,"rect":{"x":178,"y":500,"width":27,"height":11}},"46":{"xOffset":1,"yOffset":51,"xAdvance":24,"rect":{"x":502,"y":112,"width":22,"height":15}},"47":{"xOffset":0,"yOffset":6,"xAdvance":33,"rect":{"x":427,"y":334,"width":31,"height":63}},"48":{"xOffset":1,"yOffset":7,"xAdvance":57,"rect":{"x":157,"y":189,"width":54,"height":59}},"49":{"xOffset":1,"yOffset":8,"xAdvance":32,"rect":{"x":473,"y":0,"width":28,"height":57}},"50":{"xOffset":1,"yOffset":7,"xAdvance":54,"rect":{"x":322,"y":118,"width":51,"height":58}},"51":{"xOffset":1,"yOffset":8,"xAdvance":56,"rect":{"x":212,"y":344,"width":53,"height":58}},"52":{"xOffset":1,"yOffset":8,"xAdvance":58,"rect":{"x":97,"y":364,"width":56,"height":57}},"53":{"xOffset":1,"yOffset":8,"xAdvance":56,"rect":{"x":157,"y":429,"width":54,"height":58}},"54":{"xOffset":1,"yOffset":7,"xAdvance":55,"rect":{"x":212,"y":224,"width":53,"height":59}},"55":{"xOffset":1,"yOffset":8,"xAdvance":54,"rect":{"x":322,"y":236,"width":51,"height":57}},"56":{"xOffset":1,"yOffset":7,"xAdvance":55,"rect":{"x":268,"y":50,"width":52,"height":59}},"57":{"xOffset":1,"yOffset":7,"xAdvance":55,"rect":{"x":212,"y":284,"width":53,"height":59}},"58":{"xOffset":1,"yOffset":14,"xAdvance":24,"rect":{"x":502,"y":59,"width":22,"height":52}},"59":{"xOffset":1,"yOffset":14,"xAdvance":24,"rect":{"x":242,"y":455,"width":22,"height":59}},"61":{"xOffset":1,"yOffset":28,"xAdvance":30,"rect":{"x":473,"y":127,"width":27,"height":28}},"63":{"xOffset":1,"yOffset":7,"xAdvance":52,"rect":{"x":375,"y":102,"width":50,"height":59}},"64":{"xOffset":0,"yOffset":7,"xAdvance":72,"rect":{"x":0,"y":340,"width":71,"height":59}},"65":{"xOffset":-2,"yOffset":8,"xAdvance":55,"rect":{"x":97,"y":72,"width":59,"height":57}},"66":{"xOffset":2,"yOffset":8,"xAdvance":58,"rect":{"x":157,"y":0,"width":55,"height":57}},"67":{"xOffset":1,"yOffset":7,"xAdvance":56,"rect":{"x":157,"y":249,"width":54,"height":59}},"68":{"xOffset":2,"yOffset":8,"xAdvance":57,"rect":{"x":213,"y":0,"width":54,"height":57}},"69":{"xOffset":2,"yOffset":8,"xAdvance":50,"rect":{"x":375,"y":323,"width":47,"height":57}},"70":{"xOffset":2,"yOffset":8,"xAdvance":49,"rect":{"x":375,"y":381,"width":46,"height":57}},"71":{"xOffset":1,"yOffset":7,"xAdvance":58,"rect":{"x":97,"y":304,"width":56,"height":59}},"72":{"xOffset":2,"yOffset":8,"xAdvance":59,"rect":{"x":213,"y":58,"width":54,"height":57}},"73":{"xOffset":2,"yOffset":8,"xAdvance":26,"rect":{"x":502,"y":128,"width":21,"height":57}},"74":{"xOffset":0,"yOffset":8,"xAdvance":32,"rect":{"x":427,"y":398,"width":30,"height":58}},"75":{"xOffset":2,"yOffset":8,"xAdvance":57,"rect":{"x":157,"y":58,"width":55,"height":57}},"76":{"xOffset":2,"yOffset":8,"xAdvance":42,"rect":{"x":427,"y":59,"width":42,"height":57}},"77":{"xOffset":2,"yOffset":8,"xAdvance":79,"rect":{"x":0,"y":282,"width":74,"height":57}},"78":{"xOffset":2,"yOffset":8,"xAdvance":63,"rect":{"x":97,"y":130,"width":58,"height":57}},"79":{"xOffset":1,"yOffset":7,"xAdvance":57,"rect":{"x":157,"y":309,"width":54,"height":59}},"80":{"xOffset":2,"yOffset":8,"xAdvance":57,"rect":{"x":212,"y":116,"width":54,"height":57}},"81":{"xOffset":1,"yOffset":7,"xAdvance":59,"rect":{"x":97,"y":0,"width":59,"height":71}},"82":{"xOffset":2,"yOffset":8,"xAdvance":59,"rect":{"x":97,"y":422,"width":56,"height":57}},"83":{"xOffset":1,"yOffset":7,"xAdvance":56,"rect":{"x":157,"y":369,"width":54,"height":59}},"84":{"xOffset":-2,"yOffset":8,"xAdvance":45,"rect":{"x":375,"y":214,"width":48,"height":57}},"85":{"xOffset":2,"yOffset":8,"xAdvance":57,"rect":{"x":322,"y":59,"width":52,"height":58}},"86":{"xOffset":-2,"yOffset":8,"xAdvance":55,"rect":{"x":97,"y":188,"width":58,"height":57}},"87":{"xOffset":-2,"yOffset":8,"xAdvance":76,"rect":{"x":0,"y":123,"width":79,"height":57}},"88":{"xOffset":-1,"yOffset":8,"xAdvance":59,"rect":{"x":0,"y":459,"width":60,"height":57}},"89":{"xOffset":-2,"yOffset":8,"xAdvance":53,"rect":{"x":97,"y":246,"width":57,"height":57}},"90":{"xOffset":0,"yOffset":8,"xAdvance":52,"rect":{"x":322,"y":294,"width":51,"height":57}},"91":{"xOffset":2,"yOffset":4,"xAdvance":29,"rect":{"x":427,"y":457,"width":27,"height":68}},"93":{"xOffset":-1,"yOffset":4,"xAdvance":29,"rect":{"x":473,"y":58,"width":27,"height":68}},"94":{"xOffset":0,"yOffset":2,"xAdvance":34,"rect":{"x":375,"y":489,"width":34,"height":30}},"95":{"xOffset":-1,"yOffset":64,"xAdvance":46,"rect":{"x":157,"y":488,"width":48,"height":11}},"97":{"xOffset":1,"yOffset":15,"xAdvance":56,"rect":{"x":268,"y":469,"width":51,"height":51}},"98":{"xOffset":3,"yOffset":7,"xAdvance":57,"rect":{"x":268,"y":110,"width":52,"height":59}},"99":{"xOffset":1,"yOffset":15,"xAdvance":53,"rect":{"x":322,"y":352,"width":51,"height":51}},"100":{"xOffset":1,"yOffset":7,"xAdvance":57,"rect":{"x":268,"y":170,"width":52,"height":59}},"101":{"xOffset":1,"yOffset":15,"xAdvance":53,"rect":{"x":322,"y":404,"width":51,"height":51}},"102":{"xOffset":0,"yOffset":6,"xAdvance":36,"rect":{"x":427,"y":117,"width":36,"height":59}},"103":{"xOffset":1,"yOffset":15,"xAdvance":54,"rect":{"x":268,"y":230,"width":52,"height":59}},"104":{"xOffset":3,"yOffset":7,"xAdvance":57,"rect":{"x":322,"y":177,"width":51,"height":58}},"105":{"xOffset":1,"yOffset":4,"xAdvance":27,"rect":{"x":473,"y":333,"width":24,"height":61}},"106":{"xOffset":-3,"yOffset":4,"xAdvance":28,"rect":{"x":212,"y":455,"width":29,"height":70}},"107":{"xOffset":3,"yOffset":7,"xAdvance":54,"rect":{"x":268,"y":410,"width":52,"height":58}},"108":{"xOffset":3,"yOffset":7,"xAdvance":26,"rect":{"x":502,"y":186,"width":20,"height":58}},"109":{"xOffset":3,"yOffset":15,"xAdvance":86,"rect":{"x":0,"y":181,"width":79,"height":50}},"110":{"xOffset":3,"yOffset":15,"xAdvance":57,"rect":{"x":375,"y":0,"width":51,"height":50}},"111":{"xOffset":1,"yOffset":15,"xAdvance":55,"rect":{"x":212,"y":403,"width":53,"height":51}},"112":{"xOffset":3,"yOffset":15,"xAdvance":57,"rect":{"x":268,"y":290,"width":52,"height":59}},"113":{"xOffset":1,"yOffset":15,"xAdvance":57,"rect":{"x":268,"y":350,"width":52,"height":59}},"114":{"xOffset":3,"yOffset":15,"xAdvance":51,"rect":{"x":375,"y":272,"width":48,"height":50}},"115":{"xOffset":0,"yOffset":15,"xAdvance":51,"rect":{"x":375,"y":162,"width":50,"height":51}},"116":{"xOffset":0,"yOffset":7,"xAdvance":37,"rect":{"x":427,"y":177,"width":36,"height":59}},"117":{"xOffset":3,"yOffset":16,"xAdvance":57,"rect":{"x":375,"y":51,"width":51,"height":50}},"118":{"xOffset":-1,"yOffset":16,"xAdvance":52,"rect":{"x":268,"y":0,"width":53,"height":49}},"119":{"xOffset":-1,"yOffset":16,"xAdvance":77,"rect":{"x":0,"y":232,"width":78,"height":49}},"120":{"xOffset":0,"yOffset":16,"xAdvance":54,"rect":{"x":212,"y":174,"width":54,"height":49}},"121":{"xOffset":-1,"yOffset":16,"xAdvance":51,"rect":{"x":322,"y":0,"width":52,"height":58}},"122":{"xOffset":0,"yOffset":16,"xAdvance":46,"rect":{"x":375,"y":439,"width":46,"height":49}},"123":{"xOffset":0,"yOffset":4,"xAdvance":31,"rect":{"x":322,"y":456,"width":31,"height":69}},"124":{"xOffset":2,"yOffset":5,"xAdvance":11,"rect":{"x":88,"y":59,"width":6,"height":68}},"125":{"xOffset":0,"yOffset":4,"xAdvance":31,"rect":{"x":427,"y":264,"width":31,"height":69}},"8470":{"xOffset":2,"yOffset":7,"xAdvance":99,"rect":{"x":0,"y":0,"width":96,"height":58}}},"kerningDict":{"3145793":-2,"3145812":-1,"3145816":-3,"3145817":-2,"3145848":-1,"4194369":-2,"4194388":-1,"4194392":-3,"4194393":-2,"4194424":-1,"4259888":-2,"4259904":-2,"4259907":-2,"4259911":-2,"4259919":-2,"4259921":-2,"4259924":-4,"4259925":-2,"4259926":-3,"4259927":-2,"4259929":-2,"4259956":-3,"4259958":-2,"4259959":-2,"4259961":-2,"4325465":-3,"4391000":-3,"4391001":-2,"4456513":-2,"4456532":-1,"4456536":-3,"4456537":-2,"4456568":-1,"4587585":-5,"4587594":-3,"4587603":-1,"4587608":-1,"4587617":-2,"4587619":-1,"4587620":-1,"4587621":-1,"4587623":-1,"4587631":-1,"4587633":-1,"4587635":-1,"4587640":-1,"4849729":-2,"4915248":-4,"4915264":-4,"4915267":-4,"4915271":-4,"4915274":-4,"4915279":-4,"4915281":-4,"4915283":-4,"4915285":-2,"4915297":-1,"4915299":-3,"4915300":-3,"4915301":-3,"4915302":-2,"4915303":-3,"4915311":-3,"4915313":-3,"4915315":-2,"4915317":-2,"4915318":-2,"4915319":-2,"4915321":-2,"4980784":-1,"4980800":-1,"4980803":-1,"4980807":-1,"4980810":-1,"4980815":-1,"4980817":-1,"4980819":-1,"4980820":-7,"4980821":-1,"4980822":-4,"4980823":-4,"4980825":-4,"4980835":-1,"4980836":-1,"4980837":-1,"4980839":-1,"4980847":-1,"4980849":-1,"4980851":-1,"4980852":-1,"4980854":-1,"4980855":-1,"4980857":-1,"5177409":-2,"5177428":-1,"5177432":-3,"5177433":-2,"5177464":-1,"5242945":-4,"5242954":-2,"5242966":-1,"5242968":-5,"5242970":-1,"5242977":-1,"5242979":-1,"5242980":-1,"5242981":-1,"5242983":-1,"5242991":-1,"5242993":-1,"5242995":-1,"5243000":-2,"5308481":-2,"5308500":-1,"5308504":-3,"5308505":-2,"5308536":-1,"5374026":-2,"5374038":-2,"5374041":-3,"5374051":-2,"5374052":-2,"5374053":-2,"5374055":-2,"5374063":-2,"5374065":-2,"5439576":-3,"5505072":-1,"5505088":-1,"5505089":-4,"5505091":-1,"5505095":-1,"5505098":-4,"5505103":-1,"5505105":-1,"5505108":2,"5505110":2,"5505111":2,"5505113":1,"5505121":-3,"5505123":-1,"5505124":-1,"5505125":-1,"5505127":-1,"5505133":-1,"5505134":-1,"5505135":-1,"5505136":-1,"5505137":-1,"5505138":-1,"5505139":-1,"5505140":1,"5505141":-1,"5505142":1,"5505143":1,"5505144":-1,"5505145":1,"5505146":1,"5570625":-2,"5636161":-3,"5636170":-3,"5636180":2,"5636182":1,"5636183":2,"5636185":1,"5636193":-2,"5636195":-1,"5636196":-1,"5636197":-1,"5636199":-1,"5636207":-1,"5636209":-1,"5636211":-1,"5701697":-2,"5701706":-3,"5701716":2,"5701718":2,"5701719":2,"5701721":1,"5701729":-2,"5701731":-1,"5701732":-1,"5701733":-1,"5701735":-1,"5701743":-1,"5701745":-1,"5701747":-1,"5701752":-1,"5767216":-4,"5767232":-4,"5767235":-4,"5767239":-4,"5767242":-4,"5767247":-4,"5767249":-4,"5767251":-4,"5767253":-2,"5767265":-1,"5767267":-3,"5767268":-3,"5767269":-3,"5767270":-2,"5767271":-3,"5767279":-3,"5767281":-3,"5767283":-2,"5767285":-2,"5767286":-2,"5767287":-2,"5767289":-2,"5832752":-2,"5832768":-2,"5832769":-4,"5832771":-2,"5832775":-2,"5832778":-4,"5832783":-2,"5832785":-2,"5832788":1,"5832790":1,"5832791":1,"5832801":-3,"5832803":-1,"5832804":-1,"5832805":-1,"5832807":-1,"5832815":-1,"5832817":-1,"5832819":-1,"6422634":-1,"6422646":-2,"6422647":-2,"6422648":-2,"6422649":-2,"6488184":-2,"6619242":-1,"6619254":-2,"6619255":-2,"6619256":-2,"6619257":-2,"6684769":-2,"6684771":-1,"6684772":-1,"6684773":-1,"6684775":-1,"6684778":-2,"6684783":-1,"6684785":-1,"6684787":-1,"7012451":-2,"7012452":-2,"7012453":-2,"7012455":-2,"7012463":-2,"7012465":-2,"7012467":-2,"7274602":-1,"7274614":-2,"7274615":-2,"7274616":-2,"7274617":-2,"7340138":-1,"7340150":-2,"7340151":-2,"7340152":-2,"7340153":-2,"7471201":-2,"7471209":-1,"7536760":-2,"7733347":-2,"7733348":-2,"7733349":-2,"7733351":-2,"7733359":-2,"7733361":-2,"7798883":-2,"7798884":-2,"7798885":-2,"7798887":-2,"7798895":-2,"7798897":-2,"7864419":-2,"7864420":-2,"7864421":-2,"7864423":-2,"7864431":-2,"7864433":-2,"7864435":-2,"7929955":-2,"7929956":-2,"7929957":-2,"7929959":-2,"7929967":-2,"7929969":-2}}]],0,0,[0],[0],[0]]
