[1,["9cySWk/2ZBLJX85WAQLF6V@6c48a"],["_textureSource"],["cc.SpriteFrame"],0,[{"name":"PawnFire02","rect":{"x":15,"y":2,"width":90,"height":185},"offset":{"x":0,"y":0.5},"originalSize":{"width":120,"height":190},"rotated":false,"capInsets":[0,0,0,0],"vertices":{"rawPosition":[-45,-92.5,0,45,-92.5,0,-45,92.5,0,45,92.5,0],"indexes":[0,1,2,2,1,3],"uv":[15,188,105,188,15,3,105,3],"nuv":[0.125,0.015789473684210527,0.875,0.015789473684210527,0.125,0.9894736842105263,0.875,0.9894736842105263],"minPos":{"x":-45,"y":-92.5,"z":0},"maxPos":{"x":45,"y":92.5,"z":0}},"packable":true,"pixelsToUnit":100,"pivot":{"x":0.5,"y":0.5},"meshType":0}],[0],0,[0],[0],[0]]
