[1,["fd5SNiTplAzrBrbes8zhc7@6c48a"],["_textureSource"],["cc.SpriteFrame"],0,[{"name":"spygame_alert","rect":{"x":4,"y":0,"width":40,"height":50},"offset":{"x":-1,"y":0},"originalSize":{"width":50,"height":50},"rotated":false,"capInsets":[0,0,0,0],"vertices":{"rawPosition":[-20,-25,0,20,-25,0,-20,25,0,20,25,0],"indexes":[0,1,2,2,1,3],"uv":[4,50,44,50,4,0,44,0],"nuv":[0.08,0,0.88,0,0.08,1,0.88,1],"minPos":{"x":-20,"y":-25,"z":0},"maxPos":{"x":20,"y":25,"z":0}},"packable":true,"pixelsToUnit":100,"pivot":{"x":0.5,"y":0.5},"meshType":0}],[0],0,[0],[0],[0]]
