[1,["96jUjd9B1J9plut+5DNTOt@6c48a"],["_textureSource"],["cc.SpriteFrame"],0,[{"name":"Ludo_Rocket","rect":{"x":2,"y":13,"width":121,"height":110},"offset":{"x":-1.5,"y":-4},"originalSize":{"width":128,"height":128},"rotated":false,"capInsets":[0,0,0,0],"vertices":{"rawPosition":[-60.5,-55,0,60.5,-55,0,-60.5,55,0,60.5,55,0],"indexes":[0,1,2,2,1,3],"uv":[2,115,123,115,2,5,123,5],"nuv":[0.015625,0.0390625,0.9609375,0.0390625,0.015625,0.8984375,0.9609375,0.8984375],"minPos":{"x":-60.5,"y":-55,"z":0},"maxPos":{"x":60.5,"y":55,"z":0}},"packable":true,"pixelsToUnit":100,"pivot":{"x":0.5,"y":0.5},"meshType":0}],[0],0,[0],[0],[0]]
