[1,["72Pw+GYCtKvohxxGm43kTI@6c48a"],["_textureSource"],["cc.SpriteFrame"],0,[{"name":"LudoGui","rect":{"x":0,"y":0,"width":1647,"height":1012},"offset":{"x":-1,"y":0},"originalSize":{"width":1649,"height":1012},"rotated":false,"capInsets":[0,0,0,0],"vertices":{"rawPosition":[-823.5,-506,0,823.5,-506,0,-823.5,506,0,823.5,506,0],"indexes":[0,1,2,2,1,3],"uv":[0,1012,1647,1012,0,0,1647,0],"nuv":[0,0,0.9987871437234688,0,0,1,0.9987871437234688,1],"minPos":{"x":-823.5,"y":-506,"z":0},"maxPos":{"x":823.5,"y":506,"z":0}},"packable":true,"pixelsToUnit":100,"pivot":{"x":0.5,"y":0.5},"meshType":0}],[0],0,[0],[0],[0]]
