[1,["5eZU2h5S1Pu7vp3QMkPd0Z@6c48a"],["_textureSource"],["cc.SpriteFrame"],0,[{"name":"Ludo_Star","rect":{"x":4,"y":5,"width":88,"height":84},"offset":{"x":0,"y":1},"originalSize":{"width":96,"height":96},"rotated":false,"capInsets":[0,0,0,0],"vertices":{"rawPosition":[-44,-42,0,44,-42,0,-44,42,0,44,42,0],"indexes":[0,1,2,2,1,3],"uv":[4,91,92,91,4,7,92,7],"nuv":[0.041666666666666664,0.07291666666666667,0.9583333333333334,0.07291666666666667,0.041666666666666664,0.9479166666666666,0.9583333333333334,0.9479166666666666],"minPos":{"x":-44,"y":-42,"z":0},"maxPos":{"x":44,"y":42,"z":0}},"packable":true,"pixelsToUnit":100,"pivot":{"x":0.5,"y":0.5},"meshType":0}],[0],0,[0],[0],[0]]
