[1,["1aTjn7ppdElLX87DdhmGIj@6c48a"],["_textureSource"],["cc.SpriteFrame"],0,[{"name":"Spygame_Popup","rect":{"x":0,"y":0,"width":1000,"height":674},"offset":{"x":0,"y":0},"originalSize":{"width":1000,"height":674},"rotated":false,"capInsets":[0,0,0,0],"vertices":{"rawPosition":[-500,-337,0,500,-337,0,-500,337,0,500,337,0],"indexes":[0,1,2,2,1,3],"uv":[0,674,1000,674,0,0,1000,0],"nuv":[0,0,1,0,0,1,1,1],"minPos":{"x":-500,"y":-337,"z":0},"maxPos":{"x":500,"y":337,"z":0}},"packable":true,"pixelsToUnit":100,"pivot":{"x":0.5,"y":0.5},"meshType":0}],[0],0,[0],[0],[0]]
