[1,["05XWsBCRdBrKzasXbgsUOE@6c48a"],["_textureSource"],["cc.SpriteFrame"],0,[{"name":"PawnKill","rect":{"x":1,"y":8,"width":91,"height":89},"offset":{"x":-3.5,"y":-2.5},"originalSize":{"width":100,"height":100},"rotated":false,"capInsets":[0,0,0,0],"vertices":{"rawPosition":[-45.5,-44.5,0,45.5,-44.5,0,-45.5,44.5,0,45.5,44.5,0],"indexes":[0,1,2,2,1,3],"uv":[1,92,92,92,1,3,92,3],"nuv":[0.01,0.03,0.92,0.03,0.01,0.92,0.92,0.92],"minPos":{"x":-45.5,"y":-44.5,"z":0},"maxPos":{"x":45.5,"y":44.5,"z":0}},"packable":true,"pixelsToUnit":100,"pivot":{"x":0.5,"y":0.5},"meshType":0}],[0],0,[0],[0],[0]]
