[1,["0aS60NJqlCU7le5q+7TdTw@6c48a"],["_textureSource"],["cc.SpriteFrame"],0,[{"name":"P_txt_input","rect":{"x":0,"y":0,"width":367,"height":58},"offset":{"x":0,"y":0},"originalSize":{"width":367,"height":58},"rotated":false,"capInsets":[0,0,0,0],"vertices":{"rawPosition":[-183.5,-29,0,183.5,-29,0,-183.5,29,0,183.5,29,0],"indexes":[0,1,2,2,1,3],"uv":[0,58,367,58,0,0,367,0],"nuv":[0,0,1,0,0,1,1,1],"minPos":{"x":-183.5,"y":-29,"z":0},"maxPos":{"x":183.5,"y":29,"z":0}},"packable":true,"pixelsToUnit":100,"pivot":{"x":0.5,"y":0.5},"meshType":0}],[0],0,[0],[0],[0]]
