[1,["0aXhrwL8VJoJQ/cBm7lHtX@6c48a"],["_textureSource"],["cc.SpriteFrame"],0,[{"name":"3","rect":{"x":0,"y":0,"width":199,"height":199},"offset":{"x":0,"y":0.5},"originalSize":{"width":199,"height":200},"rotated":false,"capInsets":[0,0,0,0],"vertices":{"rawPosition":[-99.5,-99.5,0,99.5,-99.5,0,-99.5,99.5,0,99.5,99.5,0],"indexes":[0,1,2,2,1,3],"uv":[0,200,199,200,0,1,199,1],"nuv":[0,0.005,1,0.005,0,1,1,1],"minPos":{"x":-99.5,"y":-99.5,"z":0},"maxPos":{"x":99.5,"y":99.5,"z":0}},"packable":true,"pixelsToUnit":100,"pivot":{"x":0.5,"y":0.5},"meshType":0}],[0],0,[0],[0],[0]]
