[1,["abm5aYizNKHZAiC/QgInvS@6c48a"],["_textureSource"],["cc.SpriteFrame"],0,[{"name":"grey circle","rect":{"x":1,"y":0,"width":46,"height":47},"offset":{"x":0.5,"y":0},"originalSize":{"width":47,"height":47},"rotated":false,"capInsets":[0,0,0,0],"vertices":{"rawPosition":[-23,-23.5,0,23,-23.5,0,-23,23.5,0,23,23.5,0],"indexes":[0,1,2,2,1,3],"uv":[1,47,47,47,1,0,47,0],"nuv":[0.02127659574468085,0,1,0,0.02127659574468085,1,1,1],"minPos":{"x":-23,"y":-23.5,"z":0},"maxPos":{"x":23,"y":23.5,"z":0}},"packable":true,"pixelsToUnit":100,"pivot":{"x":0.5,"y":0.5},"meshType":0}],[0],0,[0],[0],[0]]
