[1,["capjqUeaVIjI7hIGef6g98@6c48a"],["_textureSource"],["cc.SpriteFrame"],0,[{"name":"Ludo_PawnSelect","rect":{"x":0,"y":2,"width":111,"height":110},"offset":{"x":0,"y":-1},"originalSize":{"width":111,"height":112},"rotated":false,"capInsets":[0,0,0,0],"vertices":{"rawPosition":[-55.5,-55,0,55.5,-55,0,-55.5,55,0,55.5,55,0],"indexes":[0,1,2,2,1,3],"uv":[0,110,111,110,0,0,111,0],"nuv":[0,0,1,0,0,0.9821428571428571,1,0.9821428571428571],"minPos":{"x":-55.5,"y":-55,"z":0},"maxPos":{"x":55.5,"y":55,"z":0}},"packable":true,"pixelsToUnit":100,"pivot":{"x":0.5,"y":0.5},"meshType":0}],[0],0,[0],[0],[0]]
