[1,["d0MX4rezRMWbh3bO6qVfRO@6c48a"],["_textureSource"],["cc.SpriteFrame"],0,[{"name":"Spygame_TopWord_SpyBG","rect":{"x":0,"y":0,"width":505,"height":195},"offset":{"x":0,"y":0},"originalSize":{"width":505,"height":195},"rotated":false,"capInsets":[0,0,0,0],"vertices":{"rawPosition":[-252.5,-97.5,0,252.5,-97.5,0,-252.5,97.5,0,252.5,97.5,0],"indexes":[0,1,2,2,1,3],"uv":[0,195,505,195,0,0,505,0],"nuv":[0,0,1,0,0,1,1,1],"minPos":{"x":-252.5,"y":-97.5,"z":0},"maxPos":{"x":252.5,"y":97.5,"z":0}},"packable":true,"pixelsToUnit":100,"pivot":{"x":0.5,"y":0.5},"meshType":0}],[0],0,[0],[0],[0]]
