[1,["9csHuTGYZLO7/nz8wijNfV@6c48a"],["_textureSource"],["cc.SpriteFrame"],0,[{"name":"refresh","rect":{"x":0,"y":0,"width":56,"height":55},"offset":{"x":0,"y":0},"originalSize":{"width":56,"height":55},"rotated":false,"capInsets":[0,0,0,0],"vertices":{"rawPosition":[-28,-27.5,0,28,-27.5,0,-28,27.5,0,28,27.5,0],"indexes":[0,1,2,2,1,3],"uv":[0,55,56,55,0,0,56,0],"nuv":[0,0,1,0,0,1,1,1],"minPos":{"x":-28,"y":-27.5,"z":0},"maxPos":{"x":28,"y":27.5,"z":0}},"packable":true,"pixelsToUnit":100,"pivot":{"x":0.5,"y":0.5},"meshType":0}],[0],0,[0],[0],[0]]
