[1,["70gHmk6b1MRYqrP5QOh+LI@6c48a"],["_textureSource"],["cc.SpriteFrame"],0,[{"name":"selected_tool_bg","rect":{"x":0,"y":0,"width":209,"height":127},"offset":{"x":0,"y":0},"originalSize":{"width":209,"height":127},"rotated":false,"capInsets":[68,68,68,59],"vertices":{"rawPosition":[-104.5,-63.5,0,104.5,-63.5,0,-104.5,63.5,0,104.5,63.5,0],"indexes":[0,1,2,2,1,3],"uv":[0,127,209,127,0,0,209,0],"nuv":[0,0,1,0,0,1,1,1],"minPos":{"x":-104.5,"y":-63.5,"z":0},"maxPos":{"x":104.5,"y":63.5,"z":0}},"packable":true,"pixelsToUnit":100,"pivot":{"x":0.5,"y":0.5},"meshType":0}],[0],0,[0],[0],[0]]
