[1,["07qsz28L5HcK8HkiYWXnxK@6c48a"],["_textureSource"],["cc.SpriteFrame"],0,[{"name":"icon_bg","rect":{"x":0,"y":0,"width":112,"height":112},"offset":{"x":0,"y":0},"originalSize":{"width":112,"height":112},"rotated":false,"capInsets":[0,0,0,0],"vertices":{"rawPosition":[-56,-56,0,56,-56,0,-56,56,0,56,56,0],"indexes":[0,1,2,2,1,3],"uv":[0,112,112,112,0,0,112,0],"nuv":[0,0,1,0,0,1,1,1],"minPos":{"x":-56,"y":-56,"z":0},"maxPos":{"x":56,"y":56,"z":0}},"packable":true,"pixelsToUnit":100,"pivot":{"x":0.5,"y":0.5},"meshType":0}],[0],0,[0],[0],[0]]
