[1,["0c4sshaPpPF5cJn3wHSqCa@6c48a"],["_textureSource"],["cc.SpriteFrame"],0,[{"name":"silverCrown","rect":{"x":5,"y":8,"width":109,"height":109},"offset":{"x":-1,"y":-2},"originalSize":{"width":121,"height":121},"rotated":false,"capInsets":[0,0,0,0],"vertices":{"rawPosition":[-54.5,-54.5,0,54.5,-54.5,0,-54.5,54.5,0,54.5,54.5,0],"indexes":[0,1,2,2,1,3],"uv":[5,113,114,113,5,4,114,4],"nuv":[0.04132231404958678,0.03305785123966942,0.9421487603305785,0.03305785123966942,0.04132231404958678,0.9338842975206612,0.9421487603305785,0.9338842975206612],"minPos":{"x":-54.5,"y":-54.5,"z":0},"maxPos":{"x":54.5,"y":54.5,"z":0}},"packable":true,"pixelsToUnit":100,"pivot":{"x":0.5,"y":0.5},"meshType":0}],[0],0,[0],[0],[0]]
