[1,["6bbHOcw3ZHx76pC3xrRqvX@6c48a"],["_textureSource"],["cc.SpriteFrame"],0,[{"name":"DrMonkey_Button","rect":{"x":0,"y":0,"width":332,"height":129},"offset":{"x":0,"y":0},"originalSize":{"width":332,"height":129},"rotated":false,"capInsets":[0,0,0,0],"vertices":{"rawPosition":[-166,-64.5,0,166,-64.5,0,-166,64.5,0,166,64.5,0],"indexes":[0,1,2,2,1,3],"uv":[0,129,332,129,0,0,332,0],"nuv":[0,0,1,0,0,1,1,1],"minPos":{"x":-166,"y":-64.5,"z":0},"maxPos":{"x":166,"y":64.5,"z":0}},"packable":true,"pixelsToUnit":100,"pivot":{"x":0.5,"y":0.5},"meshType":0}],[0],0,[0],[0],[0]]
