[1,["dbniYIMo9GjL/P0Xqk9Kvy@6c48a"],["_textureSource"],["cc.SpriteFrame"],0,[{"name":"P_DrawingIconProfile","rect":{"x":0,"y":0,"width":49,"height":49},"offset":{"x":0,"y":0},"originalSize":{"width":49,"height":49},"rotated":false,"capInsets":[0,0,0,0],"vertices":{"rawPosition":[-24.5,-24.5,0,24.5,-24.5,0,-24.5,24.5,0,24.5,24.5,0],"indexes":[0,1,2,2,1,3],"uv":[0,49,49,49,0,0,49,0],"nuv":[0,0,1,0,0,1,1,1],"minPos":{"x":-24.5,"y":-24.5,"z":0},"maxPos":{"x":24.5,"y":24.5,"z":0}},"packable":true,"pixelsToUnit":100,"pivot":{"x":0.5,"y":0.5},"meshType":0}],[0],0,[0],[0],[0]]
