[1,["67VCaBCRhNj7QhkomMvj4S@6c48a"],["_textureSource"],["cc.SpriteFrame"],0,[{"name":"goldCrown","rect":{"x":8,"y":12,"width":170,"height":169},"offset":{"x":-1,"y":-2},"originalSize":{"width":188,"height":189},"rotated":false,"capInsets":[0,0,0,0],"vertices":{"rawPosition":[-85,-84.5,0,85,-84.5,0,-85,84.5,0,85,84.5,0],"indexes":[0,1,2,2,1,3],"uv":[8,177,178,177,8,8,178,8],"nuv":[0.0425531914893617,0.042328042328042326,0.9468085106382979,0.042328042328042326,0.0425531914893617,0.9365079365079365,0.9468085106382979,0.9365079365079365],"minPos":{"x":-85,"y":-84.5,"z":0},"maxPos":{"x":85,"y":84.5,"z":0}},"packable":true,"pixelsToUnit":100,"pivot":{"x":0.5,"y":0.5},"meshType":0}],[0],0,[0],[0],[0]]
