[1,["a8Xu+vkY1Ak6n2FU2g9oeT@6c48a"],["_textureSource"],["cc.SpriteFrame"],0,[{"name":"P_SideGuessTriangle","rect":{"x":0,"y":0,"width":19,"height":31},"offset":{"x":0,"y":0},"originalSize":{"width":19,"height":31},"rotated":false,"capInsets":[0,0,0,0],"vertices":{"rawPosition":[-9.5,-15.5,0,9.5,-15.5,0,-9.5,15.5,0,9.5,15.5,0],"indexes":[0,1,2,2,1,3],"uv":[0,31,19,31,0,0,19,0],"nuv":[0,0,1,0,0,1,1,1],"minPos":{"x":-9.5,"y":-15.5,"z":0},"maxPos":{"x":9.5,"y":15.5,"z":0}},"packable":true,"pixelsToUnit":100,"pivot":{"x":0.5,"y":0.5},"meshType":0}],[0],0,[0],[0],[0]]
