[1,["a8mUE+u15Iz74lF4vjRNMA@6c48a"],["_textureSource"],["cc.SpriteFrame"],0,[{"name":"P_Scoreboard","rect":{"x":0,"y":0,"width":387,"height":1042},"offset":{"x":0,"y":0},"originalSize":{"width":387,"height":1042},"rotated":false,"capInsets":[0,0,0,0],"vertices":{"rawPosition":[-193.5,-521,0,193.5,-521,0,-193.5,521,0,193.5,521,0],"indexes":[0,1,2,2,1,3],"uv":[0,1042,387,1042,0,0,387,0],"nuv":[0,0,1,0,0,1,1,1],"minPos":{"x":-193.5,"y":-521,"z":0},"maxPos":{"x":193.5,"y":521,"z":0}},"packable":true,"pixelsToUnit":100,"pivot":{"x":0.5,"y":0.5},"meshType":0}],[0],0,[0],[0],[0]]
