[1,["f0HyF0ZqtIXpy00XbxnZg6@6c48a"],["_textureSource"],["cc.SpriteFrame"],0,[{"name":"whiteSquare","rect":{"x":0,"y":0,"width":250,"height":250},"offset":{"x":0,"y":0},"originalSize":{"width":250,"height":250},"rotated":false,"capInsets":[0,0,0,0],"vertices":{"rawPosition":[-125,-125,0,125,-125,0,-125,125,0,125,125,0],"indexes":[0,1,2,2,1,3],"uv":[0,250,250,250,0,0,250,0],"nuv":[0,0,1,0,0,1,1,1],"minPos":{"x":-125,"y":-125,"z":0},"maxPos":{"x":125,"y":125,"z":0}},"packable":true,"pixelsToUnit":100,"pivot":{"x":0.5,"y":0.5},"meshType":0}],[0],0,[0],[0],[0]]
