[1,["6dNpXPCrhF2JT/81Nk6M9i@6c48a"],["_textureSource"],["cc.SpriteFrame"],0,[{"name":"P_MainTextField","rect":{"x":0,"y":0,"width":605,"height":117},"offset":{"x":0,"y":0},"originalSize":{"width":605,"height":117},"rotated":false,"capInsets":[0,0,0,0],"vertices":{"rawPosition":[-302.5,-58.5,0,302.5,-58.5,0,-302.5,58.5,0,302.5,58.5,0],"indexes":[0,1,2,2,1,3],"uv":[0,117,605,117,0,0,605,0],"nuv":[0,0,1,0,0,1,1,1],"minPos":{"x":-302.5,"y":-58.5,"z":0},"maxPos":{"x":302.5,"y":58.5,"z":0}},"packable":true,"pixelsToUnit":100,"pivot":{"x":0.5,"y":0.5},"meshType":0}],[0],0,[0],[0],[0]]
