[1,["27/ySIb5VD84W5MtdkCMD8@6c48a"],["_textureSource"],["cc.SpriteFrame"],0,[{"name":"03","rect":{"x":19,"y":33,"width":112,"height":84},"offset":{"x":0,"y":0},"originalSize":{"width":150,"height":150},"rotated":false,"capInsets":[0,0,0,0],"vertices":{"rawPosition":[-56,-42,0,56,-42,0,-56,42,0,56,42,0],"indexes":[0,1,2,2,1,3],"uv":[19,117,131,117,19,33,131,33],"nuv":[0.12666666666666668,0.22,0.8733333333333333,0.22,0.12666666666666668,0.78,0.8733333333333333,0.78],"minPos":{"x":-56,"y":-42,"z":0},"maxPos":{"x":56,"y":42,"z":0}},"packable":true,"pixelsToUnit":100,"pivot":{"x":0.5,"y":0.5},"meshType":0}],[0],0,[0],[0],[0]]
