[1,["abCCri/n1KvrUICktWtByV@6c48a"],["_textureSource"],["cc.SpriteFrame"],0,[{"name":"leaderboard_user_bg","rect":{"x":0,"y":0,"width":654,"height":98},"offset":{"x":0,"y":0},"originalSize":{"width":654,"height":98},"rotated":false,"capInsets":[0,0,0,0],"vertices":{"rawPosition":[-327,-49,0,327,-49,0,-327,49,0,327,49,0],"indexes":[0,1,2,2,1,3],"uv":[0,98,654,98,0,0,654,0],"nuv":[0,0,1,0,0,1,1,1],"minPos":{"x":-327,"y":-49,"z":0},"maxPos":{"x":327,"y":49,"z":0}},"packable":true,"pixelsToUnit":100,"pivot":{"x":0.5,"y":0.5},"meshType":0}],[0],0,[0],[0],[0]]
