[1,["466jz92IFC2r7jFD3KKjkf@6c48a"],["_textureSource"],["cc.SpriteFrame"],0,[{"name":"P_EraserSelected","rect":{"x":0,"y":0,"width":50,"height":43},"offset":{"x":0,"y":0},"originalSize":{"width":50,"height":43},"rotated":false,"capInsets":[0,0,0,0],"vertices":{"rawPosition":[-25,-21.5,0,25,-21.5,0,-25,21.5,0,25,21.5,0],"indexes":[0,1,2,2,1,3],"uv":[0,43,50,43,0,0,50,0],"nuv":[0,0,1,0,0,1,1,1],"minPos":{"x":-25,"y":-21.5,"z":0},"maxPos":{"x":25,"y":21.5,"z":0}},"packable":true,"pixelsToUnit":100,"pivot":{"x":0.5,"y":0.5},"meshType":0}],[0],0,[0],[0],[0]]
