[1,["67/aBRrHdAX6PXN/4juYEd@6c48a"],["_textureSource"],["cc.SpriteFrame"],0,[{"name":"10","rect":{"x":19,"y":45,"width":112,"height":60},"offset":{"x":0,"y":0},"originalSize":{"width":150,"height":150},"rotated":false,"capInsets":[0,0,0,0],"vertices":{"rawPosition":[-56,-30,0,56,-30,0,-56,30,0,56,30,0],"indexes":[0,1,2,2,1,3],"uv":[19,105,131,105,19,45,131,45],"nuv":[0.12666666666666668,0.3,0.8733333333333333,0.3,0.12666666666666668,0.7,0.8733333333333333,0.7],"minPos":{"x":-56,"y":-30,"z":0},"maxPos":{"x":56,"y":30,"z":0}},"packable":true,"pixelsToUnit":100,"pivot":{"x":0.5,"y":0.5},"meshType":0}],[0],0,[0],[0],[0]]
