[1,["2eMuDPoYxCP7H6rEyEc/7x@6c48a"],["_textureSource"],["cc.SpriteFrame"],0,[{"name":"Close_icon","rect":{"x":7,"y":7,"width":31,"height":31},"offset":{"x":0,"y":0},"originalSize":{"width":45,"height":45},"rotated":false,"capInsets":[0,0,0,0],"vertices":{"rawPosition":[-15.5,-15.5,0,15.5,-15.5,0,-15.5,15.5,0,15.5,15.5,0],"indexes":[0,1,2,2,1,3],"uv":[7,38,38,38,7,7,38,7],"nuv":[0.15555555555555556,0.15555555555555556,0.8444444444444444,0.15555555555555556,0.15555555555555556,0.8444444444444444,0.8444444444444444,0.8444444444444444],"minPos":{"x":-15.5,"y":-15.5,"z":0},"maxPos":{"x":15.5,"y":15.5,"z":0}},"packable":true,"pixelsToUnit":100,"pivot":{"x":0.5,"y":0.5},"meshType":0}],[0],0,[0],[0],[0]]
