[1,["69M7U8tOtJQYEi/VGjOTHY@6c48a"],["_textureSource"],["cc.SpriteFrame"],0,[{"name":"09","rect":{"x":19,"y":43,"width":112,"height":64},"offset":{"x":0,"y":0},"originalSize":{"width":150,"height":150},"rotated":false,"capInsets":[0,0,0,0],"vertices":{"rawPosition":[-56,-32,0,56,-32,0,-56,32,0,56,32,0],"indexes":[0,1,2,2,1,3],"uv":[19,107,131,107,19,43,131,43],"nuv":[0.12666666666666668,0.2866666666666667,0.8733333333333333,0.2866666666666667,0.12666666666666668,0.7133333333333334,0.8733333333333333,0.7133333333333334],"minPos":{"x":-56,"y":-32,"z":0},"maxPos":{"x":56,"y":32,"z":0}},"packable":true,"pixelsToUnit":100,"pivot":{"x":0.5,"y":0.5},"meshType":0}],[0],0,[0],[0],[0]]
