[1,["ceiRH4/JlPiayxT1PX0Dpy@6c48a"],["_textureSource"],["cc.SpriteFrame"],0,[{"name":"spygame_hint","rect":{"x":10,"y":1,"width":30,"height":49},"offset":{"x":0,"y":-0.5},"originalSize":{"width":50,"height":50},"rotated":false,"capInsets":[0,0,0,0],"vertices":{"rawPosition":[-15,-24.5,0,15,-24.5,0,-15,24.5,0,15,24.5,0],"indexes":[0,1,2,2,1,3],"uv":[10,49,40,49,10,0,40,0],"nuv":[0.2,0,0.8,0,0.2,0.98,0.8,0.98],"minPos":{"x":-15,"y":-24.5,"z":0},"maxPos":{"x":15,"y":24.5,"z":0}},"packable":true,"pixelsToUnit":100,"pivot":{"x":0.5,"y":0.5},"meshType":0}],[0],0,[0],[0],[0]]
