[1,["f2kL127hlED4pdJEYxCtU2@6c48a"],["_textureSource"],["cc.SpriteFrame"],0,[{"name":"Spygame_FinalScreenVillagersBox","rect":{"x":0,"y":0,"width":753,"height":365},"offset":{"x":0,"y":0},"originalSize":{"width":753,"height":365},"rotated":false,"capInsets":[0,0,0,0],"vertices":{"rawPosition":[-376.5,-182.5,0,376.5,-182.5,0,-376.5,182.5,0,376.5,182.5,0],"indexes":[0,1,2,2,1,3],"uv":[0,365,753,365,0,0,753,0],"nuv":[0,0,1,0,0,1,1,1],"minPos":{"x":-376.5,"y":-182.5,"z":0},"maxPos":{"x":376.5,"y":182.5,"z":0}},"packable":true,"pixelsToUnit":100,"pivot":{"x":0.5,"y":0.5},"meshType":0}],[0],0,[0],[0],[0]]
