[1,["3bVtWmBGpNe5OmrgAzkN98@6c48a"],["_textureSource"],["cc.SpriteFrame"],0,[{"name":"DrMonkey_AnswerCard02","rect":{"x":0,"y":0,"width":1002,"height":1298},"offset":{"x":0,"y":0.5},"originalSize":{"width":1002,"height":1299},"rotated":false,"capInsets":[50,60,50,85],"vertices":{"rawPosition":[-501,-649,0,501,-649,0,-501,649,0,501,649,0],"indexes":[0,1,2,2,1,3],"uv":[0,1299,1002,1299,0,1,1002,1],"nuv":[0,0.0007698229407236335,1,0.0007698229407236335,0,1,1,1],"minPos":{"x":-501,"y":-649,"z":0},"maxPos":{"x":501,"y":649,"z":0}},"packable":true,"pixelsToUnit":100,"pivot":{"x":0.5,"y":0.5},"meshType":0}],[0],0,[0],[0],[0]]
