[1,["98ulX30uhLaZMHhVYnN+jy@6c48a"],["_textureSource"],["cc.SpriteFrame"],0,[{"name":"bronzeCrown","rect":{"x":5,"y":7,"width":97,"height":97},"offset":{"x":-0.5,"y":-1.5},"originalSize":{"width":108,"height":108},"rotated":false,"capInsets":[0,0,0,0],"vertices":{"rawPosition":[-48.5,-48.5,0,48.5,-48.5,0,-48.5,48.5,0,48.5,48.5,0],"indexes":[0,1,2,2,1,3],"uv":[5,101,102,101,5,4,102,4],"nuv":[0.046296296296296294,0.037037037037037035,0.9444444444444444,0.037037037037037035,0.046296296296296294,0.9351851851851852,0.9444444444444444,0.9351851851851852],"minPos":{"x":-48.5,"y":-48.5,"z":0},"maxPos":{"x":48.5,"y":48.5,"z":0}},"packable":true,"pixelsToUnit":100,"pivot":{"x":0.5,"y":0.5},"meshType":0}],[0],0,[0],[0],[0]]
