[1,["804hnPYRJA1bDpsHUZqPV1@6c48a"],["_textureSource"],["cc.SpriteFrame"],0,[{"name":"Undo","rect":{"x":3,"y":1,"width":81,"height":83},"offset":{"x":0,"y":1},"originalSize":{"width":87,"height":87},"rotated":false,"capInsets":[0,0,0,0],"vertices":{"rawPosition":[-40.5,-41.5,0,40.5,-41.5,0,-40.5,41.5,0,40.5,41.5,0],"indexes":[0,1,2,2,1,3],"uv":[3,86,84,86,3,3,84,3],"nuv":[0.034482758620689655,0.034482758620689655,0.9655172413793104,0.034482758620689655,0.034482758620689655,0.9885057471264368,0.9655172413793104,0.9885057471264368],"minPos":{"x":-40.5,"y":-41.5,"z":0},"maxPos":{"x":40.5,"y":41.5,"z":0}},"packable":true,"pixelsToUnit":100,"pivot":{"x":0.5,"y":0.5},"meshType":0}],[0],0,[0],[0],[0]]
