[1,["3bJnbin3VHDYEzp0Q+MHy6@6c48a"],["_textureSource"],["cc.SpriteFrame"],0,[{"name":"dice_06","rect":{"x":1,"y":2,"width":108,"height":106},"offset":{"x":0,"y":0},"originalSize":{"width":110,"height":110},"rotated":false,"capInsets":[0,0,0,0],"vertices":{"rawPosition":[-54,-53,0,54,-53,0,-54,53,0,54,53,0],"indexes":[0,1,2,2,1,3],"uv":[1,108,109,108,1,2,109,2],"nuv":[0.00909090909090909,0.01818181818181818,0.990909090909091,0.01818181818181818,0.00909090909090909,0.9818181818181818,0.990909090909091,0.9818181818181818],"minPos":{"x":-54,"y":-53,"z":0},"maxPos":{"x":54,"y":53,"z":0}},"packable":true,"pixelsToUnit":100,"pivot":{"x":0.5,"y":0.5},"meshType":0}],[0],0,[0],[0],[0]]
