[1,["e5oJ6uo9ZCJJZL+oIhz6je@6c48a"],["_textureSource"],["cc.SpriteFrame"],0,[{"name":"KillPawn","rect":{"x":12,"y":35,"width":500,"height":404},"offset":{"x":6,"y":19},"originalSize":{"width":512,"height":512},"rotated":false,"capInsets":[0,0,0,0],"vertices":{"rawPosition":[-250,-202,0,250,-202,0,-250,202,0,250,202,0],"indexes":[0,1,2,2,1,3],"uv":[12,477,512,477,12,73,512,73],"nuv":[0.0234375,0.142578125,1,0.142578125,0.0234375,0.931640625,1,0.931640625],"minPos":{"x":-250,"y":-202,"z":0},"maxPos":{"x":250,"y":202,"z":0}},"packable":true,"pixelsToUnit":100,"pivot":{"x":0.5,"y":0.5},"meshType":0}],[0],0,[0],[0],[0]]
