[1,["5cfCpVr8FGoJ0EAg5dhBKT@6c48a"],["_textureSource"],["cc.SpriteFrame"],0,[{"name":"P_Crown","rect":{"x":0,"y":0,"width":68,"height":67},"offset":{"x":0,"y":0},"originalSize":{"width":68,"height":67},"rotated":false,"capInsets":[0,0,0,0],"vertices":{"rawPosition":[-34,-33.5,0,34,-33.5,0,-34,33.5,0,34,33.5,0],"indexes":[0,1,2,2,1,3],"uv":[0,67,68,67,0,0,68,0],"nuv":[0,0,1,0,0,1,1,1],"minPos":{"x":-34,"y":-33.5,"z":0},"maxPos":{"x":34,"y":33.5,"z":0}},"packable":true,"pixelsToUnit":100,"pivot":{"x":0.5,"y":0.5},"meshType":0}],[0],0,[0],[0],[0]]
