[1,["66FfkSVDVL2ot9uUCjEMP1@6c48a"],["_textureSource"],["cc.SpriteFrame"],0,[{"name":"P_ToolBoxBG","rect":{"x":0,"y":0,"width":322,"height":115},"offset":{"x":0,"y":0},"originalSize":{"width":322,"height":115},"rotated":false,"capInsets":[0,0,0,0],"vertices":{"rawPosition":[-161,-57.5,0,161,-57.5,0,-161,57.5,0,161,57.5,0],"indexes":[0,1,2,2,1,3],"uv":[0,115,322,115,0,0,322,0],"nuv":[0,0,1,0,0,1,1,1],"minPos":{"x":-161,"y":-57.5,"z":0},"maxPos":{"x":161,"y":57.5,"z":0}},"packable":true,"pixelsToUnit":100,"pivot":{"x":0.5,"y":0.5},"meshType":0}],[0],0,[0],[0],[0]]
