[1,["0b3+oYM9FOzofEw8UaIHBY@6c48a"],["_textureSource"],["cc.SpriteFrame"],0,[{"name":"spygame_shock_emoji","rect":{"x":0,"y":0,"width":50,"height":50},"offset":{"x":0,"y":0},"originalSize":{"width":50,"height":50},"rotated":false,"capInsets":[0,0,0,0],"vertices":{"rawPosition":[-25,-25,0,25,-25,0,-25,25,0,25,25,0],"indexes":[0,1,2,2,1,3],"uv":[0,50,50,50,0,0,50,0],"nuv":[0,0,1,0,0,1,1,1],"minPos":{"x":-25,"y":-25,"z":0},"maxPos":{"x":25,"y":25,"z":0}},"packable":true,"pixelsToUnit":100,"pivot":{"x":0.5,"y":0.5},"meshType":0}],[0],0,[0],[0],[0]]
