[1,["4diN9JG5BEtrstRw7Hw4jH@6c48a"],["_textureSource"],["cc.SpriteFrame"],0,[{"name":"PawnFire01","rect":{"x":13,"y":3,"width":93,"height":184},"offset":{"x":-0.5,"y":0},"originalSize":{"width":120,"height":190},"rotated":false,"capInsets":[0,0,0,0],"vertices":{"rawPosition":[-46.5,-92,0,46.5,-92,0,-46.5,92,0,46.5,92,0],"indexes":[0,1,2,2,1,3],"uv":[13,187,106,187,13,3,106,3],"nuv":[0.10833333333333334,0.015789473684210527,0.8833333333333333,0.015789473684210527,0.10833333333333334,0.9842105263157894,0.8833333333333333,0.9842105263157894],"minPos":{"x":-46.5,"y":-92,"z":0},"maxPos":{"x":46.5,"y":92,"z":0}},"packable":true,"pixelsToUnit":100,"pivot":{"x":0.5,"y":0.5},"meshType":0}],[0],0,[0],[0],[0]]
