[1,["57UgcWSMhKGYrPQcn4d3+w@6c48a"],["_textureSource"],["cc.SpriteFrame"],0,[{"name":"default_sprite","rect":{"x":0,"y":2,"width":40,"height":36},"offset":{"x":0,"y":0},"originalSize":{"width":40,"height":40},"rotated":false,"capInsets":[0,0,0,0],"vertices":{"rawPosition":[-20,-18,0,20,-18,0,-20,18,0,20,18,0],"indexes":[0,1,2,2,1,3],"uv":[0,38,40,38,0,2,40,2],"nuv":[0,0.05,1,0.05,0,0.95,1,0.95],"minPos":{"x":-20,"y":-18,"z":0},"maxPos":{"x":20,"y":18,"z":0}},"packable":true,"pixelsToUnit":100,"pivot":{"x":0.5,"y":0.5},"meshType":0}],[0],0,[0],[0],[0]]
