[1,["29RaB+mfpAcq8AkF2zqzC7@6c48a"],["_textureSource"],["cc.SpriteFrame"],0,[{"name":"P_ChooseWordsBG","rect":{"x":0,"y":0,"width":1278,"height":468},"offset":{"x":0,"y":0},"originalSize":{"width":1278,"height":468},"rotated":false,"capInsets":[0,0,0,0],"vertices":{"rawPosition":[-639,-234,0,639,-234,0,-639,234,0,639,234,0],"indexes":[0,1,2,2,1,3],"uv":[0,468,1278,468,0,0,1278,0],"nuv":[0,0,1,0,0,1,1,1],"minPos":{"x":-639,"y":-234,"z":0},"maxPos":{"x":639,"y":234,"z":0}},"packable":true,"pixelsToUnit":100,"pivot":{"x":0.5,"y":0.5},"meshType":0}],[0],0,[0],[0],[0]]
