[1,["ffjGqB2T9AHIV1h+HdNDpL@6c48a"],["_textureSource"],["cc.SpriteFrame"],0,[{"name":"DrChaos","rect":{"x":0,"y":0,"width":489,"height":1265},"offset":{"x":0,"y":0},"originalSize":{"width":489,"height":1265},"rotated":false,"capInsets":[0,0,0,0],"vertices":{"rawPosition":[-244.5,-632.5,0,244.5,-632.5,0,-244.5,632.5,0,244.5,632.5,0],"indexes":[0,1,2,2,1,3],"uv":[0,1265,489,1265,0,0,489,0],"nuv":[0,0,1,0,0,1,1,1],"minPos":{"x":-244.5,"y":-632.5,"z":0},"maxPos":{"x":244.5,"y":632.5,"z":0}},"packable":true,"pixelsToUnit":100,"pivot":{"x":0.5,"y":0.5},"meshType":0}],[0],0,[0],[0],[0]]
