[1,["9e/d17BL9NOquVKbVjI8yC@6c48a"],["_textureSource"],["cc.SpriteFrame"],0,[{"name":"correct_guess_bg","rect":{"x":0,"y":0,"width":228,"height":88},"offset":{"x":0,"y":0},"originalSize":{"width":228,"height":88},"rotated":false,"capInsets":[50,50,50,38],"vertices":{"rawPosition":[-114,-44,0,114,-44,0,-114,44,0,114,44,0],"indexes":[0,1,2,2,1,3],"uv":[0,88,228,88,0,0,228,0],"nuv":[0,0,1,0,0,1,1,1],"minPos":{"x":-114,"y":-44,"z":0},"maxPos":{"x":114,"y":44,"z":0}},"packable":true,"pixelsToUnit":100,"pivot":{"x":0.5,"y":0.5},"meshType":0}],[0],0,[0],[0],[0]]
