[1,["a3J4jrXPlIcYea371nJQbi@6c48a"],["_textureSource"],["cc.SpriteFrame"],0,[{"name":"spygame_vote","rect":{"x":5,"y":4,"width":313,"height":313},"offset":{"x":0.5,"y":-0.5},"originalSize":{"width":322,"height":320},"rotated":false,"capInsets":[0,0,0,0],"vertices":{"rawPosition":[-156.5,-156.5,0,156.5,-156.5,0,-156.5,156.5,0,156.5,156.5,0],"indexes":[0,1,2,2,1,3],"uv":[5,316,318,316,5,3,318,3],"nuv":[0.015527950310559006,0.009375,0.9875776397515528,0.009375,0.015527950310559006,0.9875,0.9875776397515528,0.9875],"minPos":{"x":-156.5,"y":-156.5,"z":0},"maxPos":{"x":156.5,"y":156.5,"z":0}},"packable":true,"pixelsToUnit":100,"pivot":{"x":0.5,"y":0.5},"meshType":0}],[0],0,[0],[0],[0]]
