[1,["a3fSjLFIVNva7YEhPQtmop@6c48a"],["_textureSource"],["cc.SpriteFrame"],0,[{"name":"confetti","rect":{"x":37,"y":24,"width":624,"height":130},"offset":{"x":9,"y":-4},"originalSize":{"width":680,"height":170},"rotated":false,"capInsets":[0,0,0,0],"vertices":{"rawPosition":[-312,-65,0,312,-65,0,-312,65,0,312,65,0],"indexes":[0,1,2,2,1,3],"uv":[37,146,661,146,37,16,661,16],"nuv":[0.054411764705882354,0.09411764705882353,0.9720588235294118,0.09411764705882353,0.054411764705882354,0.8588235294117647,0.9720588235294118,0.8588235294117647],"minPos":{"x":-312,"y":-65,"z":0},"maxPos":{"x":312,"y":65,"z":0}},"packable":true,"pixelsToUnit":100,"pivot":{"x":0.5,"y":0.5},"meshType":0}],[0],0,[0],[0],[0]]
