[1,["03bpYQpIJPoIwIcTGZ3uz9@6c48a"],["_textureSource"],["cc.SpriteFrame"],0,[{"name":"Snake","rect":{"x":5,"y":6,"width":92,"height":90},"offset":{"x":1,"y":-1},"originalSize":{"width":100,"height":100},"rotated":false,"capInsets":[0,0,0,0],"vertices":{"rawPosition":[-46,-45,0,46,-45,0,-46,45,0,46,45,0],"indexes":[0,1,2,2,1,3],"uv":[5,94,97,94,5,4,97,4],"nuv":[0.05,0.04,0.97,0.04,0.05,0.94,0.97,0.94],"minPos":{"x":-46,"y":-45,"z":0},"maxPos":{"x":46,"y":45,"z":0}},"packable":true,"pixelsToUnit":100,"pivot":{"x":0.5,"y":0.5},"meshType":0}],[0],0,[0],[0],[0]]
