[1,["7er6jwK59FFpC9VqeYVhh8@6c48a"],["_textureSource"],["cc.SpriteFrame"],0,[{"name":"resultsmockup","rect":{"x":0,"y":0,"width":584,"height":324},"offset":{"x":0,"y":0},"originalSize":{"width":584,"height":324},"rotated":false,"capInsets":[0,0,0,0],"vertices":{"rawPosition":[-292,-162,0,292,-162,0,-292,162,0,292,162,0],"indexes":[0,1,2,2,1,3],"uv":[0,324,584,324,0,0,584,0],"nuv":[0,0,1,0,0,1,1,1],"minPos":{"x":-292,"y":-162,"z":0},"maxPos":{"x":292,"y":162,"z":0}},"packable":true,"pixelsToUnit":100,"pivot":{"x":0.5,"y":0.5},"meshType":0}],[0],0,[0],[0],[0]]
