[1,["b5zR6BR0FDNZDWSSvOKcwM@f9941"],["spriteFrame"],[["cc.BitmapFont",["_name","fontSize","fntConfig"],0]],[[0,0,1,2,4]],[[0,"HagridText-Bold",72,{"commonHeight":72,"fontSize":72,"atlasName":"HagridText-Bold.png","fontDefDictionary":{"32":{"xOffset":0,"yOffset":0,"xAdvance":18,"rect":{"x":0,"y":0,"width":0,"height":0}},"33":{"xOffset":2,"yOffset":7,"xAdvance":24,"rect":{"x":486,"y":0,"width":19,"height":58}},"34":{"xOffset":3,"yOffset":7,"xAdvance":36,"rect":{"x":410,"y":345,"width":30,"height":26}},"35":{"xOffset":0,"yOffset":6,"xAdvance":46,"rect":{"x":361,"y":379,"width":45,"height":58}},"36":{"xOffset":1,"yOffset":0,"xAdvance":54,"rect":{"x":153,"y":410,"width":51,"height":72}},"37":{"xOffset":1,"yOffset":5,"xAdvance":83,"rect":{"x":0,"y":59,"width":81,"height":63}},"38":{"xOffset":0,"yOffset":7,"xAdvance":60,"rect":{"x":93,"y":0,"width":59,"height":58}},"39":{"xOffset":3,"yOffset":7,"xAdvance":20,"rect":{"x":35,"y":472,"width":14,"height":26}},"40":{"xOffset":0,"yOffset":1,"xAdvance":23,"rect":{"x":456,"y":329,"width":22,"height":73}},"41":{"xOffset":0,"yOffset":1,"xAdvance":23,"rect":{"x":456,"y":403,"width":22,"height":73}},"42":{"xOffset":2,"yOffset":7,"xAdvance":42,"rect":{"x":88,"y":469,"width":38,"height":36}},"43":{"xOffset":1,"yOffset":25,"xAdvance":30,"rect":{"x":207,"y":475,"width":27,"height":26}},"44":{"xOffset":2,"yOffset":51,"xAdvance":21,"rect":{"x":153,"y":483,"width":17,"height":21}},"45":{"xOffset":1,"yOffset":33,"xAdvance":30,"rect":{"x":171,"y":483,"width":27,"height":10}},"46":{"xOffset":1,"yOffset":52,"xAdvance":21,"rect":{"x":235,"y":475,"width":18,"height":13}},"47":{"xOffset":1,"yOffset":5,"xAdvance":31,"rect":{"x":410,"y":442,"width":29,"height":63}},"48":{"xOffset":1,"yOffset":6,"xAdvance":56,"rect":{"x":153,"y":0,"width":53,"height":59}},"49":{"xOffset":1,"yOffset":7,"xAdvance":30,"rect":{"x":456,"y":202,"width":25,"height":57}},"50":{"xOffset":2,"yOffset":6,"xAdvance":52,"rect":{"x":361,"y":0,"width":48,"height":58}},"51":{"xOffset":1,"yOffset":7,"xAdvance":54,"rect":{"x":207,"y":180,"width":51,"height":58}},"52":{"xOffset":1,"yOffset":7,"xAdvance":57,"rect":{"x":88,"y":411,"width":54,"height":57}},"53":{"xOffset":1,"yOffset":7,"xAdvance":54,"rect":{"x":207,"y":239,"width":51,"height":58}},"54":{"xOffset":1,"yOffset":6,"xAdvance":54,"rect":{"x":207,"y":0,"width":51,"height":59}},"55":{"xOffset":1,"yOffset":7,"xAdvance":52,"rect":{"x":259,"y":357,"width":50,"height":57}},"56":{"xOffset":1,"yOffset":6,"xAdvance":53,"rect":{"x":259,"y":0,"width":50,"height":59}},"57":{"xOffset":1,"yOffset":6,"xAdvance":54,"rect":{"x":207,"y":60,"width":51,"height":59}},"58":{"xOffset":1,"yOffset":14,"xAdvance":21,"rect":{"x":486,"y":118,"width":18,"height":51}},"59":{"xOffset":1,"yOffset":14,"xAdvance":22,"rect":{"x":486,"y":59,"width":19,"height":58}},"61":{"xOffset":1,"yOffset":28,"xAdvance":30,"rect":{"x":259,"y":467,"width":27,"height":26}},"63":{"xOffset":1,"yOffset":6,"xAdvance":51,"rect":{"x":310,"y":171,"width":49,"height":59}},"64":{"xOffset":1,"yOffset":6,"xAdvance":69,"rect":{"x":0,"y":340,"width":67,"height":59}},"65":{"xOffset":-2,"yOffset":7,"xAdvance":54,"rect":{"x":88,"y":59,"width":57,"height":57}},"66":{"xOffset":3,"yOffset":7,"xAdvance":56,"rect":{"x":153,"y":236,"width":52,"height":57}},"67":{"xOffset":1,"yOffset":6,"xAdvance":56,"rect":{"x":153,"y":60,"width":53,"height":59}},"68":{"xOffset":3,"yOffset":7,"xAdvance":56,"rect":{"x":153,"y":294,"width":52,"height":57}},"69":{"xOffset":3,"yOffset":7,"xAdvance":50,"rect":{"x":410,"y":0,"width":45,"height":57}},"70":{"xOffset":3,"yOffset":7,"xAdvance":49,"rect":{"x":410,"y":58,"width":45,"height":57}},"71":{"xOffset":1,"yOffset":6,"xAdvance":57,"rect":{"x":88,"y":291,"width":54,"height":59}},"72":{"xOffset":3,"yOffset":7,"xAdvance":58,"rect":{"x":207,"y":298,"width":51,"height":57}},"73":{"xOffset":3,"yOffset":7,"xAdvance":24,"rect":{"x":486,"y":228,"width":17,"height":57}},"74":{"xOffset":1,"yOffset":7,"xAdvance":30,"rect":{"x":456,"y":143,"width":27,"height":58}},"75":{"xOffset":3,"yOffset":7,"xAdvance":56,"rect":{"x":153,"y":352,"width":52,"height":57}},"76":{"xOffset":3,"yOffset":7,"xAdvance":42,"rect":{"x":410,"y":166,"width":40,"height":57}},"77":{"xOffset":3,"yOffset":7,"xAdvance":76,"rect":{"x":0,"y":282,"width":69,"height":57}},"78":{"xOffset":3,"yOffset":7,"xAdvance":61,"rect":{"x":88,"y":233,"width":55,"height":57}},"79":{"xOffset":1,"yOffset":6,"xAdvance":56,"rect":{"x":88,"y":351,"width":54,"height":59}},"80":{"xOffset":3,"yOffset":7,"xAdvance":55,"rect":{"x":207,"y":356,"width":51,"height":57}},"81":{"xOffset":1,"yOffset":6,"xAdvance":58,"rect":{"x":0,"y":400,"width":59,"height":71}},"82":{"xOffset":3,"yOffset":7,"xAdvance":58,"rect":{"x":153,"y":120,"width":53,"height":57}},"83":{"xOffset":1,"yOffset":6,"xAdvance":54,"rect":{"x":207,"y":120,"width":51,"height":59}},"84":{"xOffset":-2,"yOffset":7,"xAdvance":44,"rect":{"x":361,"y":219,"width":47,"height":57}},"85":{"xOffset":3,"yOffset":7,"xAdvance":57,"rect":{"x":259,"y":298,"width":50,"height":58}},"86":{"xOffset":-2,"yOffset":7,"xAdvance":53,"rect":{"x":88,"y":117,"width":56,"height":57}},"87":{"xOffset":-2,"yOffset":7,"xAdvance":74,"rect":{"x":0,"y":123,"width":78,"height":57}},"88":{"xOffset":0,"yOffset":7,"xAdvance":57,"rect":{"x":88,"y":175,"width":56,"height":57}},"89":{"xOffset":-2,"yOffset":7,"xAdvance":50,"rect":{"x":153,"y":178,"width":53,"height":57}},"90":{"xOffset":1,"yOffset":7,"xAdvance":52,"rect":{"x":310,"y":289,"width":49,"height":57}},"91":{"xOffset":3,"yOffset":3,"xAdvance":27,"rect":{"x":361,"y":438,"width":24,"height":68}},"93":{"xOffset":-1,"yOffset":3,"xAdvance":27,"rect":{"x":456,"y":260,"width":24,"height":68}},"94":{"xOffset":0,"yOffset":2,"xAdvance":34,"rect":{"x":0,"y":472,"width":34,"height":30}},"95":{"xOffset":-1,"yOffset":63,"xAdvance":46,"rect":{"x":207,"y":464,"width":48,"height":10}},"97":{"xOffset":1,"yOffset":14,"xAdvance":53,"rect":{"x":310,"y":450,"width":48,"height":51}},"98":{"xOffset":3,"yOffset":7,"xAdvance":55,"rect":{"x":259,"y":180,"width":50,"height":58}},"99":{"xOffset":1,"yOffset":14,"xAdvance":52,"rect":{"x":310,"y":347,"width":49,"height":51}},"100":{"xOffset":1,"yOffset":7,"xAdvance":55,"rect":{"x":259,"y":239,"width":50,"height":58}},"101":{"xOffset":1,"yOffset":15,"xAdvance":52,"rect":{"x":310,"y":399,"width":49,"height":50}},"102":{"xOffset":0,"yOffset":4,"xAdvance":34,"rect":{"x":410,"y":284,"width":34,"height":60}},"103":{"xOffset":1,"yOffset":14,"xAdvance":52,"rect":{"x":310,"y":50,"width":49,"height":60}},"104":{"xOffset":3,"yOffset":7,"xAdvance":55,"rect":{"x":361,"y":59,"width":48,"height":57}},"105":{"xOffset":2,"yOffset":2,"xAdvance":25,"rect":{"x":386,"y":438,"width":20,"height":62}},"106":{"xOffset":-5,"yOffset":2,"xAdvance":25,"rect":{"x":456,"y":70,"width":27,"height":72}},"107":{"xOffset":3,"yOffset":7,"xAdvance":51,"rect":{"x":310,"y":231,"width":49,"height":57}},"108":{"xOffset":3,"yOffset":7,"xAdvance":24,"rect":{"x":486,"y":170,"width":17,"height":57}},"109":{"xOffset":3,"yOffset":14,"xAdvance":83,"rect":{"x":0,"y":181,"width":76,"height":50}},"110":{"xOffset":3,"yOffset":14,"xAdvance":55,"rect":{"x":361,"y":117,"width":48,"height":50}},"111":{"xOffset":1,"yOffset":14,"xAdvance":53,"rect":{"x":259,"y":415,"width":50,"height":51}},"112":{"xOffset":3,"yOffset":14,"xAdvance":55,"rect":{"x":259,"y":60,"width":50,"height":59}},"113":{"xOffset":1,"yOffset":14,"xAdvance":55,"rect":{"x":259,"y":120,"width":50,"height":59}},"114":{"xOffset":3,"yOffset":15,"xAdvance":48,"rect":{"x":361,"y":329,"width":46,"height":49}},"115":{"xOffset":1,"yOffset":14,"xAdvance":49,"rect":{"x":361,"y":277,"width":47,"height":51}},"116":{"xOffset":0,"yOffset":6,"xAdvance":36,"rect":{"x":410,"y":224,"width":35,"height":59}},"117":{"xOffset":3,"yOffset":15,"xAdvance":55,"rect":{"x":361,"y":168,"width":48,"height":50}},"118":{"xOffset":-1,"yOffset":15,"xAdvance":49,"rect":{"x":310,"y":0,"width":50,"height":49}},"119":{"xOffset":-1,"yOffset":15,"xAdvance":72,"rect":{"x":0,"y":232,"width":74,"height":49}},"120":{"xOffset":0,"yOffset":15,"xAdvance":51,"rect":{"x":207,"y":414,"width":51,"height":49}},"121":{"xOffset":-1,"yOffset":15,"xAdvance":48,"rect":{"x":310,"y":111,"width":49,"height":59}},"122":{"xOffset":0,"yOffset":15,"xAdvance":45,"rect":{"x":410,"y":116,"width":44,"height":49}},"123":{"xOffset":0,"yOffset":3,"xAdvance":29,"rect":{"x":410,"y":372,"width":29,"height":69}},"124":{"xOffset":3,"yOffset":4,"xAdvance":12,"rect":{"x":82,"y":59,"width":5,"height":68}},"125":{"xOffset":0,"yOffset":3,"xAdvance":29,"rect":{"x":456,"y":0,"width":29,"height":69}},"8470":{"xOffset":3,"yOffset":6,"xAdvance":96,"rect":{"x":0,"y":0,"width":92,"height":58}}},"kerningDict":{"3145793":-2,"3145812":-1,"3145814":-1,"3145815":-1,"3145816":-3,"3145817":-2,"3145848":-1,"4194369":-2,"4194388":-1,"4194390":-1,"4194391":-1,"4194392":-3,"4194393":-2,"4194424":-1,"4259888":-2,"4259904":-2,"4259907":-2,"4259911":-2,"4259919":-2,"4259921":-2,"4259924":-5,"4259925":-3,"4259926":-4,"4259927":-3,"4259929":-3,"4259956":-2,"4259958":-3,"4259959":-3,"4259961":-3,"4325465":-3,"4390999":-1,"4391000":-3,"4391001":-2,"4456513":-2,"4456532":-1,"4456534":-1,"4456535":-1,"4456536":-3,"4456537":-2,"4456568":-1,"4587568":-1,"4587584":-1,"4587585":-6,"4587587":-1,"4587591":-1,"4587594":-4,"4587599":-1,"4587601":-1,"4587603":-1,"4587608":-1,"4587617":-3,"4587619":-1,"4587620":-1,"4587621":-1,"4587623":-1,"4587629":-1,"4587630":-1,"4587631":-1,"4587632":-1,"4587633":-1,"4587634":-1,"4587635":-1,"4587640":-2,"4849729":-3,"4915248":-4,"4915264":-4,"4915267":-4,"4915271":-4,"4915274":-4,"4915279":-4,"4915281":-4,"4915283":-4,"4915285":-2,"4915297":-1,"4915299":-3,"4915300":-3,"4915301":-3,"4915302":-1,"4915303":-3,"4915311":-3,"4915313":-3,"4915315":-2,"4915317":-1,"4915318":-3,"4915319":-3,"4915321":-3,"4980784":-2,"4980800":-2,"4980803":-2,"4980807":-2,"4980810":-1,"4980815":-2,"4980817":-2,"4980819":-1,"4980820":-7,"4980821":-1,"4980822":-5,"4980823":-5,"4980825":-4,"4980835":-2,"4980836":-2,"4980837":-2,"4980839":-2,"4980847":-2,"4980849":-2,"4980851":-1,"4980852":-2,"4980854":-3,"4980855":-3,"4980857":-3,"5177409":-2,"5177428":-1,"5177430":-1,"5177431":-1,"5177432":-3,"5177433":-2,"5177464":-1,"5242945":-5,"5242954":-3,"5242966":-1,"5242968":-5,"5242970":-2,"5242977":-1,"5242979":-1,"5242980":-1,"5242981":-1,"5242983":-1,"5242991":-1,"5242993":-1,"5242995":-1,"5243000":-2,"5308481":-2,"5308500":-1,"5308502":-1,"5308503":-1,"5308504":-3,"5308505":-2,"5308536":-1,"5374026":-2,"5374036":-1,"5374038":-2,"5374039":-1,"5374041":-2,"5374051":-1,"5374052":-1,"5374053":-1,"5374055":-1,"5374063":-1,"5374065":-1,"5439572":-1,"5439576":-3,"5505072":-1,"5505088":-1,"5505089":-5,"5505091":-1,"5505095":-1,"5505098":-4,"5505103":-1,"5505105":-1,"5505108":2,"5505110":2,"5505111":2,"5505113":1,"5505121":-4,"5505123":-2,"5505124":-2,"5505125":-2,"5505127":-2,"5505133":-1,"5505134":-1,"5505135":-2,"5505136":-1,"5505137":-2,"5505138":-1,"5505139":-2,"5505140":1,"5505141":-1,"5505144":-2,"5570625":-3,"5636144":-1,"5636160":-1,"5636161":-4,"5636163":-1,"5636167":-1,"5636170":-3,"5636175":-1,"5636177":-1,"5636180":2,"5636182":1,"5636183":2,"5636185":1,"5636193":-1,"5636195":-1,"5636196":-1,"5636197":-1,"5636199":-1,"5636207":-1,"5636209":-1,"5636211":-1,"5636216":-1,"5701680":-1,"5701696":-1,"5701697":-3,"5701699":-1,"5701703":-1,"5701706":-3,"5701711":-1,"5701713":-1,"5701716":2,"5701718":2,"5701719":2,"5701721":1,"5701729":-2,"5701731":-1,"5701732":-1,"5701733":-1,"5701735":-1,"5701743":-1,"5701745":-1,"5701747":-1,"5701752":-1,"5767216":-4,"5767232":-4,"5767235":-4,"5767239":-4,"5767242":-4,"5767247":-4,"5767249":-4,"5767251":-4,"5767253":-2,"5767265":-1,"5767267":-3,"5767268":-3,"5767269":-3,"5767270":-1,"5767271":-3,"5767279":-3,"5767281":-3,"5767283":-2,"5767285":-1,"5767286":-3,"5767287":-3,"5767289":-3,"5832752":-2,"5832768":-2,"5832769":-5,"5832771":-2,"5832775":-2,"5832778":-4,"5832783":-2,"5832785":-2,"5832788":1,"5832790":1,"5832791":1,"5832801":-3,"5832803":-1,"5832804":-1,"5832805":-1,"5832807":-1,"5832815":-1,"5832817":-1,"5832819":-2,"5898288":-1,"5898304":-1,"5898307":-1,"5898311":-1,"5898319":-1,"5898321":-1,"6357110":-1,"6357111":-1,"6357113":-1,"6422634":-1,"6422646":-2,"6422647":-2,"6422648":-2,"6422649":-2,"6488184":-1,"6619242":-1,"6619254":-2,"6619255":-2,"6619256":-2,"6619257":-2,"6684769":-2,"6684771":-1,"6684772":-1,"6684773":-1,"6684775":-1,"6684778":-1,"6684781":-1,"6684782":-1,"6684783":-1,"6684784":-1,"6684785":-1,"6684786":-1,"6684787":-1,"6684792":-1,"6815862":-1,"6815863":-1,"6815865":-1,"7012451":-2,"7012452":-2,"7012453":-2,"7012455":-2,"7012463":-2,"7012465":-2,"7012467":-2,"7143542":-1,"7143543":-1,"7143545":-1,"7209078":-1,"7209079":-1,"7209081":-1,"7274602":-1,"7274614":-2,"7274615":-2,"7274616":-2,"7274617":-2,"7340138":-1,"7340150":-2,"7340151":-2,"7340152":-2,"7340153":-2,"7471201":-1,"7471203":-1,"7471204":-1,"7471205":-1,"7471207":-1,"7471209":-1,"7471215":-1,"7471217":-1,"7536760":-2,"7733347":-2,"7733348":-2,"7733349":-2,"7733351":-2,"7733359":-2,"7733361":-2,"7733363":-1,"7798883":-2,"7798884":-2,"7798885":-2,"7798887":-2,"7798895":-2,"7798897":-2,"7798899":-1,"7864419":-2,"7864420":-2,"7864421":-2,"7864423":-2,"7864431":-2,"7864433":-2,"7864435":-2,"7929955":-2,"7929956":-2,"7929957":-2,"7929959":-2,"7929967":-2,"7929969":-2,"7929971":-1}}]],0,0,[0],[0],[0]]
