[1,["41Ve/ejvhMS64GjBCHwDAM@6c48a"],["_textureSource"],["cc.SpriteFrame"],0,[{"name":"Pencil","rect":{"x":4,"y":2,"width":73,"height":80},"offset":{"x":0.5,"y":0.5},"originalSize":{"width":80,"height":85},"rotated":false,"capInsets":[0,0,0,0],"vertices":{"rawPosition":[-36.5,-40,0,36.5,-40,0,-36.5,40,0,36.5,40,0],"indexes":[0,1,2,2,1,3],"uv":[4,83,77,83,4,3,77,3],"nuv":[0.05,0.03529411764705882,0.9625,0.03529411764705882,0.05,0.9764705882352941,0.9625,0.9764705882352941],"minPos":{"x":-36.5,"y":-40,"z":0},"maxPos":{"x":36.5,"y":40,"z":0}},"packable":true,"pixelsToUnit":100,"pivot":{"x":0.5,"y":0.5},"meshType":0}],[0],0,[0],[0],[0]]
