[1,["41W3TYl2tDc5qDNRJp1zMM@6c48a"],["_textureSource"],["cc.SpriteFrame"],0,[{"name":"Eraser","rect":{"x":1,"y":0,"width":85,"height":82},"offset":{"x":-1.5,"y":1.5},"originalSize":{"width":90,"height":85},"rotated":false,"capInsets":[0,0,0,0],"vertices":{"rawPosition":[-42.5,-41,0,42.5,-41,0,-42.5,41,0,42.5,41,0],"indexes":[0,1,2,2,1,3],"uv":[1,85,86,85,1,3,86,3],"nuv":[0.011111111111111112,0.03529411764705882,0.9555555555555556,0.03529411764705882,0.011111111111111112,1,0.9555555555555556,1],"minPos":{"x":-42.5,"y":-41,"z":0},"maxPos":{"x":42.5,"y":41,"z":0}},"packable":true,"pixelsToUnit":100,"pivot":{"x":0.5,"y":0.5},"meshType":0}],[0],0,[0],[0],[0]]
