[1,["41b1RCBX1CZZ4JYjCKOpv7@6c48a"],["_textureSource"],["cc.SpriteFrame"],0,[{"name":"P_WhiteBoard","rect":{"x":0,"y":0,"width":1128,"height":976},"offset":{"x":0,"y":0},"originalSize":{"width":1128,"height":976},"rotated":false,"capInsets":[0,0,0,0],"vertices":{"rawPosition":[-564,-488,0,564,-488,0,-564,488,0,564,488,0],"indexes":[0,1,2,2,1,3],"uv":[0,976,1128,976,0,0,1128,0],"nuv":[0,0,1,0,0,1,1,1],"minPos":{"x":-564,"y":-488,"z":0},"maxPos":{"x":564,"y":488,"z":0}},"packable":true,"pixelsToUnit":100,"pivot":{"x":0.5,"y":0.5},"meshType":0}],[0],0,[0],[0],[0]]
