[1,["0bIhUu0LZES7RL76LY+Keq@6c48a"],["_textureSource"],["cc.SpriteFrame"],0,[{"name":"DrMonkey_TextField","rect":{"x":0,"y":0,"width":1014,"height":1032},"offset":{"x":0,"y":0},"originalSize":{"width":1014,"height":1032},"rotated":false,"capInsets":[0,0,0,0],"vertices":{"rawPosition":[-507,-516,0,507,-516,0,-507,516,0,507,516,0],"indexes":[0,1,2,2,1,3],"uv":[0,1032,1014,1032,0,0,1014,0],"nuv":[0,0,1,0,0,1,1,1],"minPos":{"x":-507,"y":-516,"z":0},"maxPos":{"x":507,"y":516,"z":0}},"packable":true,"pixelsToUnit":100,"pivot":{"x":0.5,"y":0.5},"meshType":0}],[0],0,[0],[0],[0]]
