[1,["9fS2up3EZP7475VkyP2kzb@6c48a"],["_textureSource"],["cc.SpriteFrame"],0,[{"name":"dice_00","rect":{"x":2,"y":1,"width":106,"height":108},"offset":{"x":0,"y":0},"originalSize":{"width":110,"height":110},"rotated":false,"capInsets":[0,0,0,0],"vertices":{"rawPosition":[-53,-54,0,53,-54,0,-53,54,0,53,54,0],"indexes":[0,1,2,2,1,3],"uv":[2,109,108,109,2,1,108,1],"nuv":[0.01818181818181818,0.00909090909090909,0.9818181818181818,0.00909090909090909,0.01818181818181818,0.990909090909091,0.9818181818181818,0.990909090909091],"minPos":{"x":-53,"y":-54,"z":0},"maxPos":{"x":53,"y":54,"z":0}},"packable":true,"pixelsToUnit":100,"pivot":{"x":0.5,"y":0.5},"meshType":0}],[0],0,[0],[0],[0]]
