[1,["508Lb0mT1IG68i0uyEX0ab@6c48a"],["_textureSource"],["cc.SpriteFrame"],0,[{"name":"DrMonkey_AnswerCard01","rect":{"x":0,"y":0,"width":869,"height":873},"offset":{"x":-0.5,"y":0},"originalSize":{"width":870,"height":873},"rotated":false,"capInsets":[0,0,0,0],"vertices":{"rawPosition":[-434.5,-436.5,0,434.5,-436.5,0,-434.5,436.5,0,434.5,436.5,0],"indexes":[0,1,2,2,1,3],"uv":[0,873,869,873,0,0,869,0],"nuv":[0,0,0.9988505747126437,0,0,1,0.9988505747126437,1],"minPos":{"x":-434.5,"y":-436.5,"z":0},"maxPos":{"x":434.5,"y":436.5,"z":0}},"packable":true,"pixelsToUnit":100,"pivot":{"x":0.5,"y":0.5},"meshType":0}],[0],0,[0],[0],[0]]
