[1,["f1lrTBuRhACZ7Y+igvFIYk@6c48a"],["_textureSource"],["cc.SpriteFrame"],0,[{"name":"gradient_bg","rect":{"x":0,"y":0,"width":884,"height":144},"offset":{"x":0,"y":0},"originalSize":{"width":884,"height":144},"rotated":false,"capInsets":[0,0,0,0],"vertices":{"rawPosition":[-442,-72,0,442,-72,0,-442,72,0,442,72,0],"indexes":[0,1,2,2,1,3],"uv":[0,144,884,144,0,0,884,0],"nuv":[0,0,1,0,0,1,1,1],"minPos":{"x":-442,"y":-72,"z":0},"maxPos":{"x":442,"y":72,"z":0}},"packable":true,"pixelsToUnit":100,"pivot":{"x":0.5,"y":0.5},"meshType":0}],[0],0,[0],[0],[0]]
